-- Adminer 4.6.3 MySQL dump

SET NAMES utf8;
SET time_zone = '+00:00';
SET foreign_key_checks = 0;
SET sql_mode = 'NO_AUTO_VALUE_ON_ZERO';

DROP TABLE IF EXISTS `bar_type`;
CREATE TABLE `bar_type` (
  `id` int(20) NOT NULL AUTO_INCREMENT,
  `type` varchar(30) NOT NULL,
  `secret` varchar(50) NOT NULL,
  PRIMARY KEY (`id`)
) ENGINE=InnoDB DEFAULT CHARSET=latin1;

INSERT INTO `bar_type` (`id`, `type`, `secret`) VALUES
(1,	'bar',	'206b2dbe-ecc9-490b-b81b-83767288bc5e'),
(2,	'pie',	'206b2dbe-ecc9-490b-b81b-83767288bc5e'),
(3,	'line',	'206b2dbe-ecc9-490b-b81b-83767288bc5e'),
(4,	'nestedpie',	'206b2dbe-ecc9-490b-b81b-83767288bc5e'),
(5,	'area',	'206b2dbe-ecc9-490b-b81b-83767288bc5e'),
(6,	'piano',	'206b2dbe-ecc9-490b-b81b-83767288bc5e');

DROP TABLE IF EXISTS `category`;
CREATE TABLE `category` (
  `id` int(11) NOT NULL AUTO_INCREMENT,
  `title` varchar(200) NOT NULL,
  `is_active` tinyint(1) DEFAULT NULL,
  `secret` varchar(255) NOT NULL,
  PRIMARY KEY (`id`)
) ENGINE=InnoDB DEFAULT CHARSET=latin1;

INSERT INTO `category` (`id`, `title`, `is_active`, `secret`) VALUES
(1,	'New Category',	1,	'206b2dbe-ecc9-490b-b81b-83767288bc5e'),
(2,	'Best Category',	1,	'206b2dbe-ecc9-490b-b81b-83767288bc5e'),
(3,	'Students',	1,	'206b2dbe-ecc9-490b-b81b-83767288bc5e'),
(10,	'Category',	1,	'206b2dbe-ecc9-490b-b81b-83767288bc5e'),
(14,	'Test Category',	1,	'206b2dbe-ecc9-490b-b81b-83767288bc5e');

DROP TABLE IF EXISTS `cities`;
CREATE TABLE `cities` (
  `id` int(11) NOT NULL AUTO_INCREMENT,
  `title` varchar(50) NOT NULL,
  `state_id` int(11) NOT NULL,
  `secret` varchar(255) NOT NULL DEFAULT '206b2dbe-ecc9-490b-b81b-83767288bc5e',
  PRIMARY KEY (`id`),
  KEY `state_id` (`state_id`),
  CONSTRAINT `state_id` FOREIGN KEY (`state_id`) REFERENCES `states` (`id`) ON DELETE CASCADE ON UPDATE CASCADE
) ENGINE=InnoDB DEFAULT CHARSET=latin1;


DROP TABLE IF EXISTS `countries`;
CREATE TABLE `countries` (
  `id` int(11) NOT NULL AUTO_INCREMENT,
  `title` varchar(50) NOT NULL,
  `secret` varchar(255) NOT NULL,
  PRIMARY KEY (`id`)
) ENGINE=InnoDB DEFAULT CHARSET=latin1;


DROP TABLE IF EXISTS `default_fields`;
CREATE TABLE `default_fields` (
  `id` int(11) NOT NULL AUTO_INCREMENT,
  `title` varchar(200) NOT NULL,
  `field_type_id` int(11) NOT NULL,
  `master_id` int(11) NOT NULL,
  `is_primary` tinyint(1) DEFAULT '0',
  `is_autoIncrement` tinyint(1) DEFAULT '0',
  `secret` varchar(255) NOT NULL,
  PRIMARY KEY (`id`),
  KEY `field_type_id` (`field_type_id`),
  KEY `master_id` (`master_id`),
  CONSTRAINT `default_fields_ibfk_2` FOREIGN KEY (`field_type_id`) REFERENCES `field_types` (`id`) ON DELETE CASCADE ON UPDATE CASCADE,
  CONSTRAINT `default_fields_ibfk_4` FOREIGN KEY (`master_id`) REFERENCES `master` (`id`) ON DELETE CASCADE ON UPDATE CASCADE
) ENGINE=InnoDB DEFAULT CHARSET=latin1;

INSERT INTO `default_fields` (`id`, `title`, `field_type_id`, `master_id`, `is_primary`, `is_autoIncrement`, `secret`) VALUES
(12,	'countryName',	1,	4,	0,	0,	'206b2dbe-ecc9-490b-b81b-83767288bc5e'),
(13,	'countryCode',	2,	4,	0,	0,	'206b2dbe-ecc9-490b-b81b-83767288bc5e'),
(14,	'12',	12,	5,	0,	0,	'206b2dbe-ecc9-490b-b81b-83767288bc5e'),
(15,	'stateCode',	2,	5,	1,	1,	'206b2dbe-ecc9-490b-b81b-83767288bc5e'),
(16,	'13',	12,	5,	0,	0,	'206b2dbe-ecc9-490b-b81b-83767288bc5e'),
(17,	'stateName',	1,	5,	0,	0,	'206b2dbe-ecc9-490b-b81b-83767288bc5e'),
(18,	'12',	12,	6,	0,	0,	'206b2dbe-ecc9-490b-b81b-83767288bc5e'),
(19,	'cityName',	1,	6,	0,	0,	'206b2dbe-ecc9-490b-b81b-83767288bc5e'),
(21,	'Student Name',	1,	7,	1,	0,	'206b2dbe-ecc9-490b-b81b-83767288bc5e'),
(22,	'Student Address',	1,	7,	0,	0,	'206b2dbe-ecc9-490b-b81b-83767288bc5e'),
(23,	'Donor Details',	1,	8,	0,	0,	'206b2dbe-ecc9-490b-b81b-83767288bc5e'),
(24,	'Company\'s Name',	1,	9,	0,	0,	'206b2dbe-ecc9-490b-b81b-83767288bc5e'),
(25,	'Company\'s Address',	1,	9,	0,	0,	'206b2dbe-ecc9-490b-b81b-83767288bc5e'),
(36,	'Employee ID',	2,	15,	0,	1,	'206b2dbe-ecc9-490b-b81b-83767288bc5e'),
(37,	'Employee Email ID',	1,	15,	0,	0,	'206b2dbe-ecc9-490b-b81b-83767288bc5e'),
(38,	'Employee Name',	1,	15,	0,	0,	'206b2dbe-ecc9-490b-b81b-83767288bc5e'),
(39,	'Std ID',	2,	16,	0,	1,	'206b2dbe-ecc9-490b-b81b-83767288bc5e'),
(40,	'Std Field',	1,	16,	0,	0,	'206b2dbe-ecc9-490b-b81b-83767288bc5e'),
(41,	'Donor Details',	1,	17,	0,	0,	'206b2dbe-ecc9-490b-b81b-83767288bc5e'),
(42,	'Area name',	1,	18,	1,	0,	'206b2dbe-ecc9-490b-b81b-83767288bc5e'),
(43,	'Type',	3,	18,	0,	0,	'206b2dbe-ecc9-490b-b81b-83767288bc5e'),
(44,	'state name',	1,	19,	0,	0,	'206b2dbe-ecc9-490b-b81b-83767288bc5e'),
(45,	'City ID',	2,	6,	0,	1,	'206b2dbe-ecc9-490b-b81b-83767288bc5e'),
(46,	'City Name',	1,	20,	0,	0,	'206b2dbe-ecc9-490b-b81b-83767288bc5e'),
(47,	'Area Name',	1,	20,	0,	0,	'206b2dbe-ecc9-490b-b81b-83767288bc5e'),
(48,	'ID',	2,	20,	0,	1,	'206b2dbe-ecc9-490b-b81b-83767288bc5e');

DROP TABLE IF EXISTS `default_field_datasource`;
CREATE TABLE `default_field_datasource` (
  `id` int(11) NOT NULL AUTO_INCREMENT,
  `title` varchar(100) DEFAULT NULL,
  `default_field_id` int(11) DEFAULT NULL,
  `master_id` int(11) NOT NULL,
  `secret` varchar(255) NOT NULL,
  PRIMARY KEY (`id`),
  KEY `default_field_id` (`default_field_id`),
  KEY `master_id` (`master_id`),
  CONSTRAINT `default_field_datasource_ibfk_2` FOREIGN KEY (`default_field_id`) REFERENCES `default_fields` (`id`) ON DELETE CASCADE ON UPDATE CASCADE,
  CONSTRAINT `default_field_datasource_ibfk_4` FOREIGN KEY (`master_id`) REFERENCES `master` (`id`) ON DELETE CASCADE ON UPDATE CASCADE
) ENGINE=InnoDB DEFAULT CHARSET=latin1;

INSERT INTO `default_field_datasource` (`id`, `title`, `default_field_id`, `master_id`, `secret`) VALUES
(1,	'Residential',	43,	18,	'206b2dbe-ecc9-490b-b81b-83767288bc5e'),
(2,	'Commercial',	43,	18,	'206b2dbe-ecc9-490b-b81b-83767288bc5e');

DROP TABLE IF EXISTS `display_charts`;
CREATE TABLE `display_charts` (
  `id` int(11) NOT NULL AUTO_INCREMENT,
  `module_name` varchar(255) NOT NULL,
  `secret` varchar(255) NOT NULL,
  PRIMARY KEY (`id`)
) ENGINE=InnoDB DEFAULT CHARSET=latin1;

INSERT INTO `display_charts` (`id`, `module_name`, `secret`) VALUES
(18,	'mdv',	'206b2dbe-ecc9-490b-b81b-83767288bc5e'),
(24,	'Temp',	'206b2dbe-ecc9-490b-b81b-83767288bc5e'),
(28,	'Sales and Emp Salary Reports',	'206b2dbe-ecc9-490b-b81b-83767288bc5e'),
(31,	'Result Performance',	'206b2dbe-ecc9-490b-b81b-83767288bc5e'),
(32,	'hg',	'206b2dbe-ecc9-490b-b81b-83767288bc5e'),
(33,	'Test',	'206b2dbe-ecc9-490b-b81b-83767288bc5e');

DROP TABLE IF EXISTS `email_config`;
CREATE TABLE `email_config` (
  `id` int(11) NOT NULL AUTO_INCREMENT,
  `from_email` varchar(255) NOT NULL,
  `api_key` varchar(255) NOT NULL,
  `provider` varchar(255) NOT NULL,
  `is_default` tinyint(1) NOT NULL,
  `secret` varchar(255) NOT NULL,
  PRIMARY KEY (`id`)
) ENGINE=InnoDB DEFAULT CHARSET=latin1;


DROP TABLE IF EXISTS `email_templates`;
CREATE TABLE `email_templates` (
  `id` int(11) NOT NULL AUTO_INCREMENT,
  `name` varchar(50) NOT NULL,
  `content` text NOT NULL,
  `secret` varchar(255) NOT NULL,
  PRIMARY KEY (`id`)
) ENGINE=InnoDB DEFAULT CHARSET=latin1;


DROP TABLE IF EXISTS `entries`;
CREATE TABLE `entries` (
  `id` int(11) NOT NULL AUTO_INCREMENT,
  `form_id` int(11) NOT NULL,
  `display_id` int(11) DEFAULT NULL,
  `timestamp` timestamp NULL DEFAULT CURRENT_TIMESTAMP,
  `reason` varchar(200) DEFAULT NULL,
  `secret` varchar(255) NOT NULL,
  PRIMARY KEY (`id`),
  KEY `form_id` (`form_id`),
  CONSTRAINT `entries_ibfk_2` FOREIGN KEY (`form_id`) REFERENCES `forms` (`id`) ON DELETE CASCADE ON UPDATE CASCADE
) ENGINE=InnoDB DEFAULT CHARSET=latin1;

INSERT INTO `entries` (`id`, `form_id`, `display_id`, `timestamp`, `reason`, `secret`) VALUES
(68,	52,	1,	'2019-03-26 07:57:09',	'Update the form',	'206b2dbe-ecc9-490b-b81b-83767288bc5e'),
(99,	81,	5,	'2019-04-12 11:40:32',	NULL,	'206b2dbe-ecc9-490b-b81b-83767288bc5e'),
(100,	44,	5,	'2019-04-12 11:40:32',	NULL,	'206b2dbe-ecc9-490b-b81b-83767288bc5e'),
(102,	44,	6,	'2019-04-12 13:25:31',	NULL,	'206b2dbe-ecc9-490b-b81b-83767288bc5e'),
(103,	88,	1,	'2019-04-12 14:32:39',	NULL,	'206b2dbe-ecc9-490b-b81b-83767288bc5e'),
(104,	88,	1,	'2019-04-12 14:33:00',	NULL,	'206b2dbe-ecc9-490b-b81b-83767288bc5e'),
(105,	88,	1,	'2019-04-12 14:33:14',	NULL,	'206b2dbe-ecc9-490b-b81b-83767288bc5e'),
(106,	89,	1,	'2019-04-12 14:34:52',	NULL,	'206b2dbe-ecc9-490b-b81b-83767288bc5e'),
(107,	89,	2,	'2019-04-12 14:35:41',	NULL,	'206b2dbe-ecc9-490b-b81b-83767288bc5e'),
(108,	89,	3,	'2019-04-12 14:36:18',	NULL,	'206b2dbe-ecc9-490b-b81b-83767288bc5e'),
(114,	44,	6,	'2019-04-15 11:38:14',	NULL,	'206b2dbe-ecc9-490b-b81b-83767288bc5e'),
(115,	89,	3,	'2019-04-15 11:49:27',	NULL,	'206b2dbe-ecc9-490b-b81b-83767288bc5e'),
(120,	88,	2,	'2019-04-15 12:48:03',	NULL,	'206b2dbe-ecc9-490b-b81b-83767288bc5e'),
(121,	88,	3,	'2019-04-15 12:48:36',	NULL,	'206b2dbe-ecc9-490b-b81b-83767288bc5e'),
(122,	88,	3,	'2019-04-15 12:48:57',	NULL,	'206b2dbe-ecc9-490b-b81b-83767288bc5e'),
(124,	96,	1,	'2019-04-17 11:46:27',	NULL,	'206b2dbe-ecc9-490b-b81b-83767288bc5e'),
(125,	96,	2,	'2019-04-17 12:26:06',	NULL,	'206b2dbe-ecc9-490b-b81b-83767288bc5e'),
(128,	81,	7,	'2019-04-17 13:23:05',	NULL,	'206b2dbe-ecc9-490b-b81b-83767288bc5e'),
(129,	52,	7,	'2019-04-17 13:23:05',	NULL,	'206b2dbe-ecc9-490b-b81b-83767288bc5e'),
(130,	98,	1,	'2019-04-18 08:22:58',	NULL,	'206b2dbe-ecc9-490b-b81b-83767288bc5e'),
(131,	98,	1,	'2019-04-18 08:23:20',	NULL,	'206b2dbe-ecc9-490b-b81b-83767288bc5e'),
(132,	98,	1,	'2019-04-18 08:23:39',	NULL,	'206b2dbe-ecc9-490b-b81b-83767288bc5e'),
(133,	98,	1,	'2019-04-18 08:24:03',	NULL,	'206b2dbe-ecc9-490b-b81b-83767288bc5e'),
(134,	98,	1,	'2019-04-18 08:24:23',	NULL,	'206b2dbe-ecc9-490b-b81b-83767288bc5e'),
(136,	100,	1,	'2019-04-18 09:15:33',	NULL,	'206b2dbe-ecc9-490b-b81b-83767288bc5e'),
(137,	100,	1,	'2019-04-18 09:17:29',	NULL,	'206b2dbe-ecc9-490b-b81b-83767288bc5e'),
(138,	100,	1,	'2019-04-18 09:18:38',	NULL,	'206b2dbe-ecc9-490b-b81b-83767288bc5e'),
(139,	99,	1,	'2019-04-18 09:31:03',	NULL,	'206b2dbe-ecc9-490b-b81b-83767288bc5e'),
(140,	99,	1,	'2019-04-18 09:31:40',	NULL,	'206b2dbe-ecc9-490b-b81b-83767288bc5e'),
(141,	99,	1,	'2019-04-18 09:32:05',	NULL,	'206b2dbe-ecc9-490b-b81b-83767288bc5e'),
(142,	100,	1,	'2019-04-18 09:34:45',	NULL,	'206b2dbe-ecc9-490b-b81b-83767288bc5e'),
(143,	100,	2,	'2019-04-18 09:47:10',	NULL,	'206b2dbe-ecc9-490b-b81b-83767288bc5e'),
(144,	98,	8,	'2019-04-18 10:59:17',	NULL,	'206b2dbe-ecc9-490b-b81b-83767288bc5e'),
(145,	99,	8,	'2019-04-18 10:59:17',	NULL,	'206b2dbe-ecc9-490b-b81b-83767288bc5e'),
(146,	100,	8,	'2019-04-18 10:59:17',	NULL,	'206b2dbe-ecc9-490b-b81b-83767288bc5e'),
(147,	44,	7,	'2019-04-18 13:50:03',	NULL,	'206b2dbe-ecc9-490b-b81b-83767288bc5e'),
(148,	52,	1,	'2019-04-24 13:06:59',	'Update the form',	'206b2dbe-ecc9-490b-b81b-83767288bc5e'),
(149,	89,	4,	'2019-04-30 11:09:20',	NULL,	'206b2dbe-ecc9-490b-b81b-83767288bc5e'),
(150,	89,	5,	'2019-04-30 11:12:08',	NULL,	'206b2dbe-ecc9-490b-b81b-83767288bc5e'),
(151,	89,	5,	'2019-04-30 11:12:32',	NULL,	'206b2dbe-ecc9-490b-b81b-83767288bc5e'),
(152,	89,	5,	'2019-04-30 11:34:40',	NULL,	'206b2dbe-ecc9-490b-b81b-83767288bc5e'),
(153,	106,	1,	'2019-05-02 09:30:44',	NULL,	'206b2dbe-ecc9-490b-b81b-83767288bc5e'),
(154,	106,	1,	'2019-05-02 09:31:58',	NULL,	'206b2dbe-ecc9-490b-b81b-83767288bc5e'),
(155,	106,	1,	'2019-05-02 09:32:10',	NULL,	'206b2dbe-ecc9-490b-b81b-83767288bc5e'),
(156,	106,	1,	'2019-05-02 09:32:31',	NULL,	'206b2dbe-ecc9-490b-b81b-83767288bc5e'),
(157,	106,	1,	'2019-05-02 09:33:10',	NULL,	'206b2dbe-ecc9-490b-b81b-83767288bc5e'),
(158,	108,	1,	'2019-05-03 06:56:55',	NULL,	'206b2dbe-ecc9-490b-b81b-83767288bc5e'),
(159,	108,	2,	'2019-05-03 06:57:23',	NULL,	'206b2dbe-ecc9-490b-b81b-83767288bc5e'),
(160,	108,	2,	'2019-05-03 06:58:58',	NULL,	'206b2dbe-ecc9-490b-b81b-83767288bc5e'),
(161,	109,	1,	'2019-05-03 07:04:46',	NULL,	'206b2dbe-ecc9-490b-b81b-83767288bc5e'),
(162,	106,	1,	'2019-05-03 07:15:14',	NULL,	'206b2dbe-ecc9-490b-b81b-83767288bc5e'),
(163,	106,	1,	'2019-05-03 07:24:35',	NULL,	'206b2dbe-ecc9-490b-b81b-83767288bc5e'),
(164,	111,	1,	'2019-05-03 07:49:10',	NULL,	'206b2dbe-ecc9-490b-b81b-83767288bc5e'),
(165,	112,	1,	'2019-05-09 13:22:06',	NULL,	'206b2dbe-ecc9-490b-b81b-83767288bc5e'),
(166,	112,	1,	'2019-05-09 13:23:21',	NULL,	'206b2dbe-ecc9-490b-b81b-83767288bc5e'),
(167,	112,	9,	'2019-05-09 13:27:59',	NULL,	'206b2dbe-ecc9-490b-b81b-83767288bc5e'),
(168,	110,	9,	'2019-05-09 13:27:59',	NULL,	'206b2dbe-ecc9-490b-b81b-83767288bc5e'),
(169,	113,	9,	'2019-05-09 13:27:59',	NULL,	'206b2dbe-ecc9-490b-b81b-83767288bc5e'),
(170,	112,	9,	'2019-05-09 13:29:46',	NULL,	'206b2dbe-ecc9-490b-b81b-83767288bc5e'),
(171,	112,	10,	'2019-05-09 13:32:09',	NULL,	'206b2dbe-ecc9-490b-b81b-83767288bc5e'),
(172,	112,	11,	'2019-05-09 14:40:10',	NULL,	'206b2dbe-ecc9-490b-b81b-83767288bc5e'),
(173,	110,	11,	'2019-05-09 14:40:10',	NULL,	'206b2dbe-ecc9-490b-b81b-83767288bc5e'),
(174,	113,	11,	'2019-05-09 14:40:10',	NULL,	'206b2dbe-ecc9-490b-b81b-83767288bc5e'),
(175,	112,	12,	'2019-05-09 14:47:07',	NULL,	'206b2dbe-ecc9-490b-b81b-83767288bc5e'),
(176,	110,	12,	'2019-05-09 14:47:07',	NULL,	'206b2dbe-ecc9-490b-b81b-83767288bc5e'),
(177,	113,	12,	'2019-05-09 14:47:07',	NULL,	'206b2dbe-ecc9-490b-b81b-83767288bc5e'),
(178,	110,	12,	'2019-05-09 14:48:21',	NULL,	'206b2dbe-ecc9-490b-b81b-83767288bc5e'),
(179,	113,	12,	'2019-05-09 14:48:21',	NULL,	'206b2dbe-ecc9-490b-b81b-83767288bc5e'),
(180,	112,	12,	'2019-05-09 14:48:21',	NULL,	'206b2dbe-ecc9-490b-b81b-83767288bc5e'),
(181,	112,	11,	'2019-05-09 14:49:45',	NULL,	'206b2dbe-ecc9-490b-b81b-83767288bc5e'),
(182,	112,	9,	'2019-05-09 14:55:23',	NULL,	'206b2dbe-ecc9-490b-b81b-83767288bc5e');

DROP TABLE IF EXISTS `entry_default_values`;
CREATE TABLE `entry_default_values` (
  `id` int(11) NOT NULL AUTO_INCREMENT,
  `form_id` int(11) NOT NULL,
  `entry_id` int(11) NOT NULL,
  `form_default_field_id` int(11) NOT NULL,
  `entry_value` text,
  `entry_version_id` int(11) DEFAULT NULL,
  `secret` varchar(255) NOT NULL,
  PRIMARY KEY (`id`),
  KEY `entry_id` (`entry_id`),
  KEY `default_field_id` (`form_default_field_id`),
  KEY `form_id` (`form_id`),
  KEY `entry_version_id` (`entry_version_id`),
  CONSTRAINT `entry_default_values_ibfk_10` FOREIGN KEY (`form_default_field_id`) REFERENCES `form_default_fields` (`id`) ON DELETE CASCADE ON UPDATE CASCADE,
  CONSTRAINT `entry_default_values_ibfk_5` FOREIGN KEY (`entry_id`) REFERENCES `entries` (`id`) ON DELETE CASCADE ON UPDATE CASCADE,
  CONSTRAINT `entry_default_values_ibfk_6` FOREIGN KEY (`form_id`) REFERENCES `forms` (`id`) ON DELETE CASCADE ON UPDATE CASCADE,
  CONSTRAINT `entry_default_values_ibfk_8` FOREIGN KEY (`entry_version_id`) REFERENCES `entry_versions` (`id`) ON DELETE CASCADE ON UPDATE CASCADE
) ENGINE=InnoDB DEFAULT CHARSET=latin1;

INSERT INTO `entry_default_values` (`id`, `form_id`, `entry_id`, `form_default_field_id`, `entry_value`, `entry_version_id`, `secret`) VALUES
(142,	44,	100,	33,	'dipali@yopmail.com',	100,	'206b2dbe-ecc9-490b-b81b-83767288bc5e'),
(143,	44,	100,	34,	'1',	100,	'206b2dbe-ecc9-490b-b81b-83767288bc5e'),
(144,	44,	100,	35,	'dipali',	100,	'206b2dbe-ecc9-490b-b81b-83767288bc5e'),
(145,	44,	102,	33,	'dipali@yopmail.com',	102,	'206b2dbe-ecc9-490b-b81b-83767288bc5e'),
(146,	44,	102,	34,	'2',	102,	'206b2dbe-ecc9-490b-b81b-83767288bc5e'),
(147,	44,	102,	35,	'dipali',	102,	'206b2dbe-ecc9-490b-b81b-83767288bc5e'),
(148,	89,	106,	48,	'PROT',	106,	'206b2dbe-ecc9-490b-b81b-83767288bc5e'),
(149,	89,	106,	49,	'ISCKON',	106,	'206b2dbe-ecc9-490b-b81b-83767288bc5e'),
(150,	89,	107,	48,	'PROT',	107,	'206b2dbe-ecc9-490b-b81b-83767288bc5e'),
(151,	89,	107,	49,	'ISCKON',	107,	'206b2dbe-ecc9-490b-b81b-83767288bc5e'),
(152,	89,	108,	48,	'PROT',	108,	'206b2dbe-ecc9-490b-b81b-83767288bc5e'),
(153,	89,	108,	49,	'ISCKON',	108,	'206b2dbe-ecc9-490b-b81b-83767288bc5e'),
(163,	89,	115,	48,	'PROT',	115,	'206b2dbe-ecc9-490b-b81b-83767288bc5e'),
(164,	89,	115,	49,	'ISCKON',	115,	'206b2dbe-ecc9-490b-b81b-83767288bc5e'),
(176,	44,	147,	33,	'255',	147,	'206b2dbe-ecc9-490b-b81b-83767288bc5e'),
(177,	44,	147,	34,	'26',	147,	'206b2dbe-ecc9-490b-b81b-83767288bc5e'),
(178,	44,	147,	35,	'yashla',	147,	'206b2dbe-ecc9-490b-b81b-83767288bc5e'),
(179,	89,	149,	48,	'PROT',	149,	'206b2dbe-ecc9-490b-b81b-83767288bc5e'),
(180,	89,	149,	49,	'ISCKON',	149,	'206b2dbe-ecc9-490b-b81b-83767288bc5e'),
(181,	89,	150,	48,	'PROT',	150,	'206b2dbe-ecc9-490b-b81b-83767288bc5e'),
(182,	89,	150,	49,	'ISCKON',	150,	'206b2dbe-ecc9-490b-b81b-83767288bc5e'),
(183,	89,	151,	49,	'ISCKON',	151,	'206b2dbe-ecc9-490b-b81b-83767288bc5e'),
(184,	89,	151,	48,	'PROT',	151,	'206b2dbe-ecc9-490b-b81b-83767288bc5e'),
(185,	89,	152,	48,	'PROT',	152,	'206b2dbe-ecc9-490b-b81b-83767288bc5e'),
(186,	89,	152,	49,	'ISCKON',	152,	'206b2dbe-ecc9-490b-b81b-83767288bc5e'),
(187,	109,	161,	68,	'Commercial',	161,	'206b2dbe-ecc9-490b-b81b-83767288bc5e'),
(188,	109,	161,	67,	'Satellite',	161,	'206b2dbe-ecc9-490b-b81b-83767288bc5e'),
(189,	111,	164,	69,	'ahmedabad',	164,	'206b2dbe-ecc9-490b-b81b-83767288bc5e'),
(190,	111,	164,	70,	NULL,	164,	'206b2dbe-ecc9-490b-b81b-83767288bc5e'),
(191,	112,	165,	71,	'PROT',	165,	'206b2dbe-ecc9-490b-b81b-83767288bc5e'),
(192,	112,	165,	72,	'ISCKON',	165,	'206b2dbe-ecc9-490b-b81b-83767288bc5e'),
(193,	112,	166,	71,	'PROT',	166,	'206b2dbe-ecc9-490b-b81b-83767288bc5e'),
(194,	112,	166,	72,	'ISCKON',	166,	'206b2dbe-ecc9-490b-b81b-83767288bc5e'),
(195,	112,	167,	71,	'PROT',	167,	'206b2dbe-ecc9-490b-b81b-83767288bc5e'),
(196,	112,	167,	72,	'ISCKON',	167,	'206b2dbe-ecc9-490b-b81b-83767288bc5e'),
(197,	112,	170,	71,	'PROT',	170,	'206b2dbe-ecc9-490b-b81b-83767288bc5e'),
(198,	112,	170,	72,	'ISCKON',	170,	'206b2dbe-ecc9-490b-b81b-83767288bc5e'),
(199,	112,	171,	71,	'PROT',	171,	'206b2dbe-ecc9-490b-b81b-83767288bc5e'),
(200,	112,	171,	72,	'ISCKON',	171,	'206b2dbe-ecc9-490b-b81b-83767288bc5e'),
(201,	112,	175,	72,	'ISCKON',	175,	'206b2dbe-ecc9-490b-b81b-83767288bc5e'),
(202,	112,	175,	71,	'PROT',	175,	'206b2dbe-ecc9-490b-b81b-83767288bc5e'),
(203,	112,	181,	71,	'PROT',	181,	'206b2dbe-ecc9-490b-b81b-83767288bc5e'),
(204,	112,	181,	72,	'ISCKON',	181,	'206b2dbe-ecc9-490b-b81b-83767288bc5e'),
(205,	112,	182,	72,	'ISCKON',	182,	'206b2dbe-ecc9-490b-b81b-83767288bc5e'),
(206,	112,	182,	71,	'PROT',	182,	'206b2dbe-ecc9-490b-b81b-83767288bc5e');

DROP TABLE IF EXISTS `entry_values`;
CREATE TABLE `entry_values` (
  `id` int(11) NOT NULL AUTO_INCREMENT,
  `form_id` int(11) NOT NULL,
  `entry_id` int(11) NOT NULL,
  `form_field_id` int(11) NOT NULL,
  `entry_value` text,
  `entry_version_id` int(11) DEFAULT NULL,
  `secret` varchar(255) NOT NULL,
  PRIMARY KEY (`id`),
  KEY `entry_id` (`entry_id`),
  KEY `form_field_id` (`form_field_id`),
  KEY `form_id` (`form_id`),
  KEY `entry_version_id` (`entry_version_id`),
  CONSTRAINT `entry_values_ibfk_4` FOREIGN KEY (`entry_id`) REFERENCES `entries` (`id`) ON DELETE CASCADE ON UPDATE CASCADE,
  CONSTRAINT `entry_values_ibfk_5` FOREIGN KEY (`form_id`) REFERENCES `forms` (`id`) ON DELETE CASCADE ON UPDATE CASCADE,
  CONSTRAINT `entry_values_ibfk_6` FOREIGN KEY (`form_field_id`) REFERENCES `form_fields` (`id`) ON DELETE CASCADE ON UPDATE CASCADE,
  CONSTRAINT `entry_values_ibfk_8` FOREIGN KEY (`entry_version_id`) REFERENCES `entry_versions` (`id`) ON DELETE CASCADE ON UPDATE CASCADE
) ENGINE=InnoDB DEFAULT CHARSET=latin1;

INSERT INTO `entry_values` (`id`, `form_id`, `entry_id`, `form_field_id`, `entry_value`, `entry_version_id`, `secret`) VALUES
(184,	52,	68,	146,	'Business Anyalist',	68,	'206b2dbe-ecc9-490b-b81b-83767288bc5e'),
(185,	52,	68,	147,	'Pankaj Chavda,Vision Centric',	68,	'206b2dbe-ecc9-490b-b81b-83767288bc5e'),
(186,	52,	68,	148,	'2019-03-25T18:30:00.000Z',	68,	'206b2dbe-ecc9-490b-b81b-83767288bc5e'),
(187,	52,	68,	149,	'Testing,Create charts,Sanity Checklist',	68,	'206b2dbe-ecc9-490b-b81b-83767288bc5e'),
(188,	52,	68,	152,	'1970-01-01T07:40:00.000Z',	68,	'206b2dbe-ecc9-490b-b81b-83767288bc5e'),
(189,	52,	68,	151,	'Pankaj Chavda,Vision Centric',	68,	'206b2dbe-ecc9-490b-b81b-83767288bc5e'),
(257,	44,	100,	122,	'Vishal Bhut,Umesh Savani',	100,	'206b2dbe-ecc9-490b-b81b-83767288bc5e'),
(258,	44,	100,	123,	'Business Analyst',	100,	'206b2dbe-ecc9-490b-b81b-83767288bc5e'),
(259,	44,	100,	124,	'Sick Leave',	100,	'206b2dbe-ecc9-490b-b81b-83767288bc5e'),
(260,	44,	100,	125,	'2019-04-13T18:30:00.000Z',	100,	'206b2dbe-ecc9-490b-b81b-83767288bc5e'),
(261,	44,	100,	126,	'2019-04-12T18:30:00.000Z',	100,	'206b2dbe-ecc9-490b-b81b-83767288bc5e'),
(262,	44,	100,	130,	'sick leave',	100,	'206b2dbe-ecc9-490b-b81b-83767288bc5e'),
(263,	44,	100,	131,	NULL,	100,	'206b2dbe-ecc9-490b-b81b-83767288bc5e'),
(264,	44,	100,	132,	'Pending',	100,	'206b2dbe-ecc9-490b-b81b-83767288bc5e'),
(265,	44,	100,	134,	'Vishal Bhut,Umesh Savani',	100,	'206b2dbe-ecc9-490b-b81b-83767288bc5e'),
(266,	44,	100,	135,	'2',	100,	'206b2dbe-ecc9-490b-b81b-83767288bc5e'),
(267,	44,	100,	136,	'1',	100,	'206b2dbe-ecc9-490b-b81b-83767288bc5e'),
(268,	44,	100,	154,	'',	100,	'206b2dbe-ecc9-490b-b81b-83767288bc5e'),
(269,	44,	100,	131,	NULL,	100,	'206b2dbe-ecc9-490b-b81b-83767288bc5e'),
(274,	44,	102,	122,	'Umesh Savani,Vishal Bhut',	102,	'206b2dbe-ecc9-490b-b81b-83767288bc5e'),
(275,	44,	102,	123,	'Business Analyst',	102,	'206b2dbe-ecc9-490b-b81b-83767288bc5e'),
(276,	44,	102,	124,	'Sick Leave',	102,	'206b2dbe-ecc9-490b-b81b-83767288bc5e'),
(277,	44,	102,	125,	'2019-04-13T18:30:00.000Z',	102,	'206b2dbe-ecc9-490b-b81b-83767288bc5e'),
(278,	44,	102,	126,	'2019-04-12T18:30:00.000Z',	102,	'206b2dbe-ecc9-490b-b81b-83767288bc5e'),
(279,	44,	102,	130,	'vcxz',	102,	'206b2dbe-ecc9-490b-b81b-83767288bc5e'),
(280,	44,	102,	132,	'Pending',	102,	'206b2dbe-ecc9-490b-b81b-83767288bc5e'),
(281,	44,	102,	131,	'',	102,	'206b2dbe-ecc9-490b-b81b-83767288bc5e'),
(282,	44,	102,	134,	'Umesh Savani,Pankaj Chavda',	102,	'206b2dbe-ecc9-490b-b81b-83767288bc5e'),
(283,	44,	102,	154,	'fds',	102,	'206b2dbe-ecc9-490b-b81b-83767288bc5e'),
(284,	44,	102,	136,	'1',	102,	'206b2dbe-ecc9-490b-b81b-83767288bc5e'),
(285,	44,	102,	135,	'1',	102,	'206b2dbe-ecc9-490b-b81b-83767288bc5e'),
(286,	44,	102,	131,	NULL,	102,	'206b2dbe-ecc9-490b-b81b-83767288bc5e'),
(287,	88,	103,	214,	'Parth',	103,	'206b2dbe-ecc9-490b-b81b-83767288bc5e'),
(288,	88,	103,	215,	'88',	103,	'206b2dbe-ecc9-490b-b81b-83767288bc5e'),
(289,	88,	103,	216,	'99',	103,	'206b2dbe-ecc9-490b-b81b-83767288bc5e'),
(290,	88,	103,	217,	'77',	103,	'206b2dbe-ecc9-490b-b81b-83767288bc5e'),
(291,	88,	104,	214,	'Honney',	104,	'206b2dbe-ecc9-490b-b81b-83767288bc5e'),
(292,	88,	104,	215,	'90',	104,	'206b2dbe-ecc9-490b-b81b-83767288bc5e'),
(293,	88,	104,	217,	'60',	104,	'206b2dbe-ecc9-490b-b81b-83767288bc5e'),
(294,	88,	104,	216,	'80',	104,	'206b2dbe-ecc9-490b-b81b-83767288bc5e'),
(295,	88,	105,	214,	'Disha',	105,	'206b2dbe-ecc9-490b-b81b-83767288bc5e'),
(296,	88,	105,	215,	'55',	105,	'206b2dbe-ecc9-490b-b81b-83767288bc5e'),
(297,	88,	105,	217,	'77',	105,	'206b2dbe-ecc9-490b-b81b-83767288bc5e'),
(298,	88,	105,	216,	'66',	105,	'206b2dbe-ecc9-490b-b81b-83767288bc5e'),
(299,	89,	106,	218,	'January',	106,	'206b2dbe-ecc9-490b-b81b-83767288bc5e'),
(300,	89,	106,	219,	'5000',	106,	'206b2dbe-ecc9-490b-b81b-83767288bc5e'),
(301,	89,	107,	218,	'February',	107,	'206b2dbe-ecc9-490b-b81b-83767288bc5e'),
(302,	89,	107,	219,	'3000',	107,	'206b2dbe-ecc9-490b-b81b-83767288bc5e'),
(303,	89,	108,	218,	'March',	108,	'206b2dbe-ecc9-490b-b81b-83767288bc5e'),
(304,	89,	108,	219,	'7000',	108,	'206b2dbe-ecc9-490b-b81b-83767288bc5e'),
(317,	44,	114,	124,	'Other',	114,	'206b2dbe-ecc9-490b-b81b-83767288bc5e'),
(318,	44,	114,	125,	'2019-04-13T18:30:00.000Z',	114,	'206b2dbe-ecc9-490b-b81b-83767288bc5e'),
(319,	44,	114,	130,	'vcxz',	114,	'206b2dbe-ecc9-490b-b81b-83767288bc5e'),
(320,	44,	114,	126,	'2019-04-12T18:30:00.000Z',	114,	'206b2dbe-ecc9-490b-b81b-83767288bc5e'),
(321,	44,	114,	123,	'Business Analyst',	114,	'206b2dbe-ecc9-490b-b81b-83767288bc5e'),
(322,	44,	114,	122,	'Umesh Savani,Vishal Bhut',	114,	'206b2dbe-ecc9-490b-b81b-83767288bc5e'),
(323,	89,	115,	218,	'March',	115,	'206b2dbe-ecc9-490b-b81b-83767288bc5e'),
(324,	89,	115,	219,	'4000',	115,	'206b2dbe-ecc9-490b-b81b-83767288bc5e'),
(333,	88,	120,	214,	'Yash',	120,	'206b2dbe-ecc9-490b-b81b-83767288bc5e'),
(334,	88,	120,	215,	'100',	120,	'206b2dbe-ecc9-490b-b81b-83767288bc5e'),
(335,	88,	120,	216,	'90',	120,	'206b2dbe-ecc9-490b-b81b-83767288bc5e'),
(336,	88,	120,	217,	'95',	120,	'206b2dbe-ecc9-490b-b81b-83767288bc5e'),
(337,	88,	121,	214,	'Kashyap',	121,	'206b2dbe-ecc9-490b-b81b-83767288bc5e'),
(338,	88,	121,	215,	'90',	121,	'206b2dbe-ecc9-490b-b81b-83767288bc5e'),
(339,	88,	121,	217,	'Fail',	121,	'206b2dbe-ecc9-490b-b81b-83767288bc5e'),
(340,	88,	121,	216,	'80',	121,	'206b2dbe-ecc9-490b-b81b-83767288bc5e'),
(341,	88,	122,	215,	'90',	122,	'206b2dbe-ecc9-490b-b81b-83767288bc5e'),
(342,	88,	122,	214,	'Akash',	122,	'206b2dbe-ecc9-490b-b81b-83767288bc5e'),
(343,	88,	122,	216,	'55',	122,	'206b2dbe-ecc9-490b-b81b-83767288bc5e'),
(344,	88,	122,	217,	'70',	122,	'206b2dbe-ecc9-490b-b81b-83767288bc5e'),
(347,	96,	124,	229,	'MSC',	124,	'206b2dbe-ecc9-490b-b81b-83767288bc5e'),
(348,	96,	124,	230,	'111',	124,	'206b2dbe-ecc9-490b-b81b-83767288bc5e'),
(349,	96,	125,	229,	'ICT',	125,	'206b2dbe-ecc9-490b-b81b-83767288bc5e'),
(350,	96,	125,	230,	'111',	125,	'206b2dbe-ecc9-490b-b81b-83767288bc5e'),
(353,	98,	130,	235,	'Vasudev Prajapat',	130,	'206b2dbe-ecc9-490b-b81b-83767288bc5e'),
(354,	98,	130,	236,	'Physician',	130,	'206b2dbe-ecc9-490b-b81b-83767288bc5e'),
(355,	98,	130,	237,	'0-5 Years',	130,	'206b2dbe-ecc9-490b-b81b-83767288bc5e'),
(356,	98,	131,	235,	'Honney Mistry',	131,	'206b2dbe-ecc9-490b-b81b-83767288bc5e'),
(357,	98,	131,	236,	'Cardiologist',	131,	'206b2dbe-ecc9-490b-b81b-83767288bc5e'),
(358,	98,	131,	237,	'5-10 Years',	131,	'206b2dbe-ecc9-490b-b81b-83767288bc5e'),
(359,	98,	132,	235,	'Jahanvi Patel',	132,	'206b2dbe-ecc9-490b-b81b-83767288bc5e'),
(360,	98,	132,	236,	'Homeopathic skin specialist',	132,	'206b2dbe-ecc9-490b-b81b-83767288bc5e'),
(361,	98,	132,	237,	'5-10 Years',	132,	'206b2dbe-ecc9-490b-b81b-83767288bc5e'),
(362,	98,	133,	235,	'Dipali Shah',	133,	'206b2dbe-ecc9-490b-b81b-83767288bc5e'),
(363,	98,	133,	236,	'Surgeon Specialist',	133,	'206b2dbe-ecc9-490b-b81b-83767288bc5e'),
(364,	98,	133,	237,	'5-10 Years',	133,	'206b2dbe-ecc9-490b-b81b-83767288bc5e'),
(365,	98,	134,	235,	'Yash Shah',	134,	'206b2dbe-ecc9-490b-b81b-83767288bc5e'),
(366,	98,	134,	236,	'Physiologist',	134,	'206b2dbe-ecc9-490b-b81b-83767288bc5e'),
(367,	98,	134,	237,	'0-5 Years',	134,	'206b2dbe-ecc9-490b-b81b-83767288bc5e'),
(369,	100,	136,	240,	'Harsh Sharma',	136,	'206b2dbe-ecc9-490b-b81b-83767288bc5e'),
(370,	100,	136,	242,	'23',	136,	'206b2dbe-ecc9-490b-b81b-83767288bc5e'),
(371,	100,	136,	241,	'Honney Mistry (Cardiologist)',	136,	'206b2dbe-ecc9-490b-b81b-83767288bc5e'),
(372,	100,	136,	243,	'1970-01-01T11:30:00.000Z',	136,	'206b2dbe-ecc9-490b-b81b-83767288bc5e'),
(373,	100,	136,	244,	'2019-04-18T18:30:00.000Z',	136,	'206b2dbe-ecc9-490b-b81b-83767288bc5e'),
(374,	100,	136,	245,	'Heart Problem',	136,	'206b2dbe-ecc9-490b-b81b-83767288bc5e'),
(375,	100,	136,	246,	'Male',	136,	'206b2dbe-ecc9-490b-b81b-83767288bc5e'),
(376,	100,	137,	240,	'Sanjay Darji',	137,	'206b2dbe-ecc9-490b-b81b-83767288bc5e'),
(377,	100,	137,	241,	'Dipali Shah (Surgeon Specialist)',	137,	'206b2dbe-ecc9-490b-b81b-83767288bc5e'),
(378,	100,	137,	242,	'22',	137,	'206b2dbe-ecc9-490b-b81b-83767288bc5e'),
(379,	100,	137,	243,	'1970-01-01T08:30:00.000Z',	137,	'206b2dbe-ecc9-490b-b81b-83767288bc5e'),
(380,	100,	137,	244,	'2019-04-19T18:30:00.000Z',	137,	'206b2dbe-ecc9-490b-b81b-83767288bc5e'),
(381,	100,	137,	245,	'Leg Surgery',	137,	'206b2dbe-ecc9-490b-b81b-83767288bc5e'),
(382,	100,	137,	246,	'Male',	137,	'206b2dbe-ecc9-490b-b81b-83767288bc5e'),
(383,	100,	138,	240,	'Kashyap Ratnakar',	138,	'206b2dbe-ecc9-490b-b81b-83767288bc5e'),
(384,	100,	138,	242,	'25',	138,	'206b2dbe-ecc9-490b-b81b-83767288bc5e'),
(385,	100,	138,	241,	'Akash Sharma (ENT Specialist)',	138,	'206b2dbe-ecc9-490b-b81b-83767288bc5e'),
(386,	100,	138,	244,	'2019-04-22T18:30:00.000Z',	138,	'206b2dbe-ecc9-490b-b81b-83767288bc5e'),
(387,	100,	138,	243,	'1970-01-01T06:30:00.000Z',	138,	'206b2dbe-ecc9-490b-b81b-83767288bc5e'),
(388,	100,	138,	245,	'Ear Checkup',	138,	'206b2dbe-ecc9-490b-b81b-83767288bc5e'),
(389,	100,	138,	246,	'Male',	138,	'206b2dbe-ecc9-490b-b81b-83767288bc5e'),
(390,	99,	139,	238,	'23',	139,	'206b2dbe-ecc9-490b-b81b-83767288bc5e'),
(391,	99,	139,	239,	'Harsh Sharma',	139,	'206b2dbe-ecc9-490b-b81b-83767288bc5e'),
(392,	99,	139,	248,	'B-ve',	139,	'206b2dbe-ecc9-490b-b81b-83767288bc5e'),
(393,	99,	140,	238,	'22',	140,	'206b2dbe-ecc9-490b-b81b-83767288bc5e'),
(394,	99,	140,	239,	'Sanjay Darji',	140,	'206b2dbe-ecc9-490b-b81b-83767288bc5e'),
(395,	99,	140,	248,	'O+ve',	140,	'206b2dbe-ecc9-490b-b81b-83767288bc5e'),
(396,	99,	141,	238,	'25',	141,	'206b2dbe-ecc9-490b-b81b-83767288bc5e'),
(397,	99,	141,	239,	'Kashyap Ratnakar',	141,	'206b2dbe-ecc9-490b-b81b-83767288bc5e'),
(398,	99,	141,	248,	'AB+ve',	141,	'206b2dbe-ecc9-490b-b81b-83767288bc5e'),
(399,	100,	142,	240,	'Sanjay Darji',	142,	'206b2dbe-ecc9-490b-b81b-83767288bc5e'),
(400,	100,	142,	241,	'Dipali Shah (Surgeon Specialist)',	142,	'206b2dbe-ecc9-490b-b81b-83767288bc5e'),
(401,	100,	142,	244,	'2019-04-19T18:30:00.000Z',	142,	'206b2dbe-ecc9-490b-b81b-83767288bc5e'),
(402,	100,	142,	245,	'Leg and Hand Surgery',	142,	'206b2dbe-ecc9-490b-b81b-83767288bc5e'),
(403,	100,	142,	242,	'22',	142,	'206b2dbe-ecc9-490b-b81b-83767288bc5e'),
(404,	100,	142,	243,	'1970-01-01T08:30:00.000Z',	142,	'206b2dbe-ecc9-490b-b81b-83767288bc5e'),
(405,	100,	142,	246,	'Male',	142,	'206b2dbe-ecc9-490b-b81b-83767288bc5e'),
(406,	100,	143,	240,	'Vasu',	143,	'206b2dbe-ecc9-490b-b81b-83767288bc5e'),
(407,	100,	143,	241,	'Honney Mistry (Cardiologist)',	143,	'206b2dbe-ecc9-490b-b81b-83767288bc5e'),
(408,	100,	143,	243,	'1970-01-01T16:30:00.000Z',	143,	'206b2dbe-ecc9-490b-b81b-83767288bc5e'),
(409,	100,	143,	242,	'24',	143,	'206b2dbe-ecc9-490b-b81b-83767288bc5e'),
(410,	100,	143,	244,	'2019-04-18T18:30:00.000Z',	143,	'206b2dbe-ecc9-490b-b81b-83767288bc5e'),
(411,	100,	143,	245,	'sdfgh',	143,	'206b2dbe-ecc9-490b-b81b-83767288bc5e'),
(412,	100,	143,	246,	'Male',	143,	'206b2dbe-ecc9-490b-b81b-83767288bc5e'),
(413,	98,	144,	235,	'Heta Jasvani',	144,	'206b2dbe-ecc9-490b-b81b-83767288bc5e'),
(414,	98,	144,	236,	'Homeopathic skin specialist',	144,	'206b2dbe-ecc9-490b-b81b-83767288bc5e'),
(415,	98,	144,	237,	'0-5 Years',	144,	'206b2dbe-ecc9-490b-b81b-83767288bc5e'),
(416,	44,	147,	122,	'Umesh Savani',	147,	'206b2dbe-ecc9-490b-b81b-83767288bc5e'),
(417,	44,	147,	123,	'Business Analyst',	147,	'206b2dbe-ecc9-490b-b81b-83767288bc5e'),
(418,	44,	147,	124,	'Other',	147,	'206b2dbe-ecc9-490b-b81b-83767288bc5e'),
(419,	44,	147,	125,	'2020-04-19T18:30:00.000Z',	147,	'206b2dbe-ecc9-490b-b81b-83767288bc5e'),
(420,	44,	147,	126,	'2019-04-18T18:30:00.000Z',	147,	'206b2dbe-ecc9-490b-b81b-83767288bc5e'),
(421,	44,	147,	130,	'nhi btayenge',	147,	'206b2dbe-ecc9-490b-b81b-83767288bc5e'),
(422,	44,	147,	132,	'Approved',	147,	'206b2dbe-ecc9-490b-b81b-83767288bc5e'),
(423,	44,	147,	134,	'Shyam Panchal',	147,	'206b2dbe-ecc9-490b-b81b-83767288bc5e'),
(424,	44,	147,	136,	'364',	147,	'206b2dbe-ecc9-490b-b81b-83767288bc5e'),
(425,	44,	147,	135,	'364',	147,	'206b2dbe-ecc9-490b-b81b-83767288bc5e'),
(426,	44,	147,	154,	'title',	147,	'206b2dbe-ecc9-490b-b81b-83767288bc5e'),
(427,	44,	147,	131,	'uploads/files/5-Jahanvi MYRA.xlsx',	147,	'206b2dbe-ecc9-490b-b81b-83767288bc5e'),
(428,	52,	148,	147,	'Pankaj Chavda,Vision Centric',	148,	'206b2dbe-ecc9-490b-b81b-83767288bc5e'),
(429,	52,	148,	148,	'2019-03-25T18:30:00.000Z',	148,	'206b2dbe-ecc9-490b-b81b-83767288bc5e'),
(430,	52,	148,	146,	'Business Anyalist',	148,	'206b2dbe-ecc9-490b-b81b-83767288bc5e'),
(431,	52,	148,	151,	'Pankaj Chavda,Vision Centric',	148,	'206b2dbe-ecc9-490b-b81b-83767288bc5e'),
(432,	52,	148,	149,	'Testing,Create charts,Sanity Checklist',	148,	'206b2dbe-ecc9-490b-b81b-83767288bc5e'),
(433,	52,	148,	152,	'1970-01-01T07:40:00.000Z',	148,	'206b2dbe-ecc9-490b-b81b-83767288bc5e'),
(434,	89,	149,	218,	'January',	149,	'206b2dbe-ecc9-490b-b81b-83767288bc5e'),
(435,	89,	149,	219,	'5000',	149,	'206b2dbe-ecc9-490b-b81b-83767288bc5e'),
(436,	89,	150,	218,	'March',	150,	'206b2dbe-ecc9-490b-b81b-83767288bc5e'),
(437,	89,	150,	219,	'1000',	150,	'206b2dbe-ecc9-490b-b81b-83767288bc5e'),
(438,	89,	151,	218,	'January',	151,	'206b2dbe-ecc9-490b-b81b-83767288bc5e'),
(439,	89,	151,	219,	'500',	151,	'206b2dbe-ecc9-490b-b81b-83767288bc5e'),
(440,	89,	152,	218,	'March',	152,	'206b2dbe-ecc9-490b-b81b-83767288bc5e'),
(441,	89,	152,	219,	'2000',	152,	'206b2dbe-ecc9-490b-b81b-83767288bc5e'),
(442,	106,	153,	256,	'40000',	153,	'206b2dbe-ecc9-490b-b81b-83767288bc5e'),
(443,	106,	153,	255,	'Mobile',	153,	'206b2dbe-ecc9-490b-b81b-83767288bc5e'),
(444,	106,	154,	255,	'TV',	154,	'206b2dbe-ecc9-490b-b81b-83767288bc5e'),
(445,	106,	154,	256,	'100000',	154,	'206b2dbe-ecc9-490b-b81b-83767288bc5e'),
(446,	106,	155,	255,	'AC',	155,	'206b2dbe-ecc9-490b-b81b-83767288bc5e'),
(447,	106,	155,	256,	'40000',	155,	'206b2dbe-ecc9-490b-b81b-83767288bc5e'),
(448,	106,	156,	255,	'Laptop',	156,	'206b2dbe-ecc9-490b-b81b-83767288bc5e'),
(449,	106,	156,	256,	'50000',	156,	'206b2dbe-ecc9-490b-b81b-83767288bc5e'),
(450,	106,	157,	255,	'Fridge',	157,	'206b2dbe-ecc9-490b-b81b-83767288bc5e'),
(451,	106,	157,	256,	'80000',	157,	'206b2dbe-ecc9-490b-b81b-83767288bc5e'),
(452,	108,	158,	259,	'HR',	158,	'206b2dbe-ecc9-490b-b81b-83767288bc5e'),
(453,	108,	158,	260,	'111',	158,	'206b2dbe-ecc9-490b-b81b-83767288bc5e'),
(454,	108,	158,	261,	'50000',	158,	'206b2dbe-ecc9-490b-b81b-83767288bc5e'),
(455,	108,	159,	259,	'KR',	159,	'206b2dbe-ecc9-490b-b81b-83767288bc5e'),
(456,	108,	159,	260,	'112',	159,	'206b2dbe-ecc9-490b-b81b-83767288bc5e'),
(457,	108,	159,	261,	'45000',	159,	'206b2dbe-ecc9-490b-b81b-83767288bc5e'),
(458,	108,	160,	259,	'Yash',	160,	'206b2dbe-ecc9-490b-b81b-83767288bc5e'),
(459,	108,	160,	260,	'113',	160,	'206b2dbe-ecc9-490b-b81b-83767288bc5e'),
(460,	108,	160,	261,	'65000',	160,	'206b2dbe-ecc9-490b-b81b-83767288bc5e'),
(461,	109,	161,	263,	'Shah',	161,	'206b2dbe-ecc9-490b-b81b-83767288bc5e'),
(462,	109,	161,	262,	'Dipali',	161,	'206b2dbe-ecc9-490b-b81b-83767288bc5e'),
(463,	109,	161,	264,	'1111',	161,	'206b2dbe-ecc9-490b-b81b-83767288bc5e'),
(464,	106,	162,	255,	'Laptop',	162,	'206b2dbe-ecc9-490b-b81b-83767288bc5e'),
(465,	106,	162,	256,	'52000',	162,	'206b2dbe-ecc9-490b-b81b-83767288bc5e'),
(466,	106,	163,	255,	'AC',	163,	'206b2dbe-ecc9-490b-b81b-83767288bc5e'),
(467,	106,	163,	256,	'41000',	163,	'206b2dbe-ecc9-490b-b81b-83767288bc5e'),
(468,	112,	165,	268,	'1',	165,	'206b2dbe-ecc9-490b-b81b-83767288bc5e'),
(469,	112,	165,	269,	'Gaurav',	165,	'206b2dbe-ecc9-490b-b81b-83767288bc5e'),
(470,	112,	165,	270,	'Patel',	165,	'206b2dbe-ecc9-490b-b81b-83767288bc5e'),
(471,	112,	166,	268,	'2',	166,	'206b2dbe-ecc9-490b-b81b-83767288bc5e'),
(472,	112,	166,	269,	'Gaurav',	166,	'206b2dbe-ecc9-490b-b81b-83767288bc5e'),
(473,	112,	166,	270,	'Patel',	166,	'206b2dbe-ecc9-490b-b81b-83767288bc5e'),
(474,	112,	167,	268,	'1',	167,	'206b2dbe-ecc9-490b-b81b-83767288bc5e'),
(475,	112,	167,	269,	'Dipali',	167,	'206b2dbe-ecc9-490b-b81b-83767288bc5e'),
(476,	112,	167,	270,	'Shah',	167,	'206b2dbe-ecc9-490b-b81b-83767288bc5e'),
(477,	112,	170,	268,	'3',	170,	'206b2dbe-ecc9-490b-b81b-83767288bc5e'),
(478,	112,	170,	269,	'Dipali',	170,	'206b2dbe-ecc9-490b-b81b-83767288bc5e'),
(479,	112,	170,	270,	'Shah',	170,	'206b2dbe-ecc9-490b-b81b-83767288bc5e'),
(480,	112,	171,	268,	'4',	171,	'206b2dbe-ecc9-490b-b81b-83767288bc5e'),
(481,	112,	171,	269,	'Sam',	171,	'206b2dbe-ecc9-490b-b81b-83767288bc5e'),
(482,	112,	171,	270,	'Panchal',	171,	'206b2dbe-ecc9-490b-b81b-83767288bc5e'),
(483,	112,	171,	277,	'sdfghjk',	171,	'206b2dbe-ecc9-490b-b81b-83767288bc5e'),
(484,	112,	172,	268,	'5',	172,	'206b2dbe-ecc9-490b-b81b-83767288bc5e'),
(485,	112,	172,	269,	'Honney',	172,	'206b2dbe-ecc9-490b-b81b-83767288bc5e'),
(486,	112,	172,	270,	'Mistry',	172,	'206b2dbe-ecc9-490b-b81b-83767288bc5e'),
(487,	112,	172,	277,	'abad',	172,	'206b2dbe-ecc9-490b-b81b-83767288bc5e'),
(488,	112,	175,	270,	'SHAH',	175,	'206b2dbe-ecc9-490b-b81b-83767288bc5e'),
(489,	112,	175,	268,	'6',	175,	'206b2dbe-ecc9-490b-b81b-83767288bc5e'),
(490,	112,	175,	269,	'VIRTI',	175,	'206b2dbe-ecc9-490b-b81b-83767288bc5e'),
(491,	112,	175,	277,	'SABARMATI',	175,	'206b2dbe-ecc9-490b-b81b-83767288bc5e'),
(492,	112,	181,	268,	'5',	181,	'206b2dbe-ecc9-490b-b81b-83767288bc5e'),
(493,	112,	181,	269,	'Honney',	181,	'206b2dbe-ecc9-490b-b81b-83767288bc5e'),
(494,	112,	181,	270,	'Mistry',	181,	'206b2dbe-ecc9-490b-b81b-83767288bc5e'),
(495,	112,	181,	277,	'abad',	181,	'206b2dbe-ecc9-490b-b81b-83767288bc5e'),
(496,	112,	182,	268,	'3',	182,	'206b2dbe-ecc9-490b-b81b-83767288bc5e'),
(497,	112,	182,	269,	'Dipali',	182,	'206b2dbe-ecc9-490b-b81b-83767288bc5e'),
(498,	112,	182,	270,	'Shah',	182,	'206b2dbe-ecc9-490b-b81b-83767288bc5e'),
(499,	112,	182,	277,	'wertyjkl',	182,	'206b2dbe-ecc9-490b-b81b-83767288bc5e');

DROP TABLE IF EXISTS `entry_versions`;
CREATE TABLE `entry_versions` (
  `id` int(11) NOT NULL AUTO_INCREMENT,
  `entry_id` int(11) NOT NULL,
  `version` int(11) NOT NULL,
  `secret` varchar(255) NOT NULL,
  PRIMARY KEY (`id`),
  KEY `entry_id` (`entry_id`),
  CONSTRAINT `entry_versions_ibfk_2` FOREIGN KEY (`entry_id`) REFERENCES `entries` (`id`) ON DELETE CASCADE ON UPDATE CASCADE
) ENGINE=InnoDB DEFAULT CHARSET=latin1;

INSERT INTO `entry_versions` (`id`, `entry_id`, `version`, `secret`) VALUES
(68,	68,	1,	'206b2dbe-ecc9-490b-b81b-83767288bc5e'),
(99,	99,	1,	'206b2dbe-ecc9-490b-b81b-83767288bc5e'),
(100,	100,	1,	'206b2dbe-ecc9-490b-b81b-83767288bc5e'),
(102,	102,	1,	'206b2dbe-ecc9-490b-b81b-83767288bc5e'),
(103,	103,	1,	'206b2dbe-ecc9-490b-b81b-83767288bc5e'),
(104,	104,	1,	'206b2dbe-ecc9-490b-b81b-83767288bc5e'),
(105,	105,	1,	'206b2dbe-ecc9-490b-b81b-83767288bc5e'),
(106,	106,	1,	'206b2dbe-ecc9-490b-b81b-83767288bc5e'),
(107,	107,	1,	'206b2dbe-ecc9-490b-b81b-83767288bc5e'),
(108,	108,	1,	'206b2dbe-ecc9-490b-b81b-83767288bc5e'),
(114,	102,	2,	'206b2dbe-ecc9-490b-b81b-83767288bc5e'),
(115,	108,	2,	'206b2dbe-ecc9-490b-b81b-83767288bc5e'),
(120,	120,	1,	'206b2dbe-ecc9-490b-b81b-83767288bc5e'),
(121,	121,	1,	'206b2dbe-ecc9-490b-b81b-83767288bc5e'),
(122,	122,	1,	'206b2dbe-ecc9-490b-b81b-83767288bc5e'),
(124,	124,	1,	'206b2dbe-ecc9-490b-b81b-83767288bc5e'),
(125,	125,	1,	'206b2dbe-ecc9-490b-b81b-83767288bc5e'),
(128,	128,	1,	'206b2dbe-ecc9-490b-b81b-83767288bc5e'),
(129,	129,	1,	'206b2dbe-ecc9-490b-b81b-83767288bc5e'),
(130,	130,	1,	'206b2dbe-ecc9-490b-b81b-83767288bc5e'),
(131,	131,	1,	'206b2dbe-ecc9-490b-b81b-83767288bc5e'),
(132,	132,	1,	'206b2dbe-ecc9-490b-b81b-83767288bc5e'),
(133,	133,	1,	'206b2dbe-ecc9-490b-b81b-83767288bc5e'),
(134,	134,	1,	'206b2dbe-ecc9-490b-b81b-83767288bc5e'),
(136,	136,	1,	'206b2dbe-ecc9-490b-b81b-83767288bc5e'),
(137,	137,	1,	'206b2dbe-ecc9-490b-b81b-83767288bc5e'),
(138,	138,	1,	'206b2dbe-ecc9-490b-b81b-83767288bc5e'),
(139,	139,	1,	'206b2dbe-ecc9-490b-b81b-83767288bc5e'),
(140,	140,	1,	'206b2dbe-ecc9-490b-b81b-83767288bc5e'),
(141,	141,	1,	'206b2dbe-ecc9-490b-b81b-83767288bc5e'),
(142,	137,	2,	'206b2dbe-ecc9-490b-b81b-83767288bc5e'),
(143,	143,	1,	'206b2dbe-ecc9-490b-b81b-83767288bc5e'),
(144,	144,	1,	'206b2dbe-ecc9-490b-b81b-83767288bc5e'),
(145,	145,	1,	'206b2dbe-ecc9-490b-b81b-83767288bc5e'),
(146,	146,	1,	'206b2dbe-ecc9-490b-b81b-83767288bc5e'),
(147,	147,	1,	'206b2dbe-ecc9-490b-b81b-83767288bc5e'),
(148,	68,	2,	'206b2dbe-ecc9-490b-b81b-83767288bc5e'),
(149,	149,	1,	'206b2dbe-ecc9-490b-b81b-83767288bc5e'),
(150,	150,	1,	'206b2dbe-ecc9-490b-b81b-83767288bc5e'),
(151,	151,	1,	'206b2dbe-ecc9-490b-b81b-83767288bc5e'),
(152,	150,	2,	'206b2dbe-ecc9-490b-b81b-83767288bc5e'),
(153,	153,	1,	'206b2dbe-ecc9-490b-b81b-83767288bc5e'),
(154,	154,	1,	'206b2dbe-ecc9-490b-b81b-83767288bc5e'),
(155,	155,	1,	'206b2dbe-ecc9-490b-b81b-83767288bc5e'),
(156,	156,	1,	'206b2dbe-ecc9-490b-b81b-83767288bc5e'),
(157,	157,	1,	'206b2dbe-ecc9-490b-b81b-83767288bc5e'),
(158,	158,	1,	'206b2dbe-ecc9-490b-b81b-83767288bc5e'),
(159,	159,	1,	'206b2dbe-ecc9-490b-b81b-83767288bc5e'),
(160,	160,	1,	'206b2dbe-ecc9-490b-b81b-83767288bc5e'),
(161,	161,	1,	'206b2dbe-ecc9-490b-b81b-83767288bc5e'),
(162,	156,	2,	'206b2dbe-ecc9-490b-b81b-83767288bc5e'),
(163,	155,	2,	'206b2dbe-ecc9-490b-b81b-83767288bc5e'),
(164,	164,	1,	'206b2dbe-ecc9-490b-b81b-83767288bc5e'),
(165,	165,	1,	'206b2dbe-ecc9-490b-b81b-83767288bc5e'),
(166,	165,	2,	'206b2dbe-ecc9-490b-b81b-83767288bc5e'),
(167,	167,	1,	'206b2dbe-ecc9-490b-b81b-83767288bc5e'),
(168,	168,	1,	'206b2dbe-ecc9-490b-b81b-83767288bc5e'),
(169,	169,	1,	'206b2dbe-ecc9-490b-b81b-83767288bc5e'),
(170,	167,	2,	'206b2dbe-ecc9-490b-b81b-83767288bc5e'),
(171,	171,	1,	'206b2dbe-ecc9-490b-b81b-83767288bc5e'),
(172,	172,	1,	'206b2dbe-ecc9-490b-b81b-83767288bc5e'),
(173,	174,	1,	'206b2dbe-ecc9-490b-b81b-83767288bc5e'),
(174,	173,	1,	'206b2dbe-ecc9-490b-b81b-83767288bc5e'),
(175,	175,	1,	'206b2dbe-ecc9-490b-b81b-83767288bc5e'),
(176,	176,	1,	'206b2dbe-ecc9-490b-b81b-83767288bc5e'),
(177,	177,	1,	'206b2dbe-ecc9-490b-b81b-83767288bc5e'),
(178,	179,	1,	'206b2dbe-ecc9-490b-b81b-83767288bc5e'),
(179,	180,	1,	'206b2dbe-ecc9-490b-b81b-83767288bc5e'),
(180,	178,	1,	'206b2dbe-ecc9-490b-b81b-83767288bc5e'),
(181,	172,	2,	'206b2dbe-ecc9-490b-b81b-83767288bc5e'),
(182,	167,	3,	'206b2dbe-ecc9-490b-b81b-83767288bc5e');

DROP TABLE IF EXISTS `fields`;
CREATE TABLE `fields` (
  `id` int(11) NOT NULL AUTO_INCREMENT,
  `title` varchar(200) NOT NULL,
  `field_type_id` int(11) DEFAULT NULL,
  `secret` varchar(255) NOT NULL,
  PRIMARY KEY (`id`),
  KEY `field_type_id` (`field_type_id`),
  CONSTRAINT `fields_ibfk_2` FOREIGN KEY (`field_type_id`) REFERENCES `field_types` (`id`) ON DELETE CASCADE ON UPDATE CASCADE
) ENGINE=InnoDB DEFAULT CHARSET=latin1;

INSERT INTO `fields` (`id`, `title`, `field_type_id`, `secret`) VALUES
(1,	'name',	1,	'206b2dbe-ecc9-490b-b81b-83767288bc5e'),
(2,	'Gender',	4,	'206b2dbe-ecc9-490b-b81b-83767288bc5e'),
(3,	'First Name',	1,	'206b2dbe-ecc9-490b-b81b-83767288bc5e'),
(4,	'Last Name',	1,	'206b2dbe-ecc9-490b-b81b-83767288bc5e'),
(5,	'Last Name',	1,	'206b2dbe-ecc9-490b-b81b-83767288bc5e'),
(6,	'First Name',	1,	'206b2dbe-ecc9-490b-b81b-83767288bc5e'),
(7,	'Gender',	4,	'206b2dbe-ecc9-490b-b81b-83767288bc5e'),
(8,	'First Name',	1,	'206b2dbe-ecc9-490b-b81b-83767288bc5e'),
(9,	'Gender',	4,	'206b2dbe-ecc9-490b-b81b-83767288bc5e'),
(10,	'Last Name',	1,	'206b2dbe-ecc9-490b-b81b-83767288bc5e'),
(11,	'name',	1,	'206b2dbe-ecc9-490b-b81b-83767288bc5e'),
(12,	'name',	1,	'206b2dbe-ecc9-490b-b81b-83767288bc5e'),
(13,	'photo',	11,	'206b2dbe-ecc9-490b-b81b-83767288bc5e'),
(14,	'Student ID',	2,	'206b2dbe-ecc9-490b-b81b-83767288bc5e'),
(15,	'First Name',	1,	'206b2dbe-ecc9-490b-b81b-83767288bc5e'),
(16,	'Last Name',	1,	'206b2dbe-ecc9-490b-b81b-83767288bc5e'),
(17,	'Donor Name',	1,	'206b2dbe-ecc9-490b-b81b-83767288bc5e'),
(18,	'Donor Age',	2,	'206b2dbe-ecc9-490b-b81b-83767288bc5e'),
(19,	'Blood Group',	1,	'206b2dbe-ecc9-490b-b81b-83767288bc5e'),
(20,	'Weight',	2,	'206b2dbe-ecc9-490b-b81b-83767288bc5e'),
(21,	'Donate Previously?',	3,	'206b2dbe-ecc9-490b-b81b-83767288bc5e'),
(22,	'Age',	2,	'206b2dbe-ecc9-490b-b81b-83767288bc5e'),
(24,	'Student ID',	2,	'206b2dbe-ecc9-490b-b81b-83767288bc5e'),
(26,	'First Name',	1,	'206b2dbe-ecc9-490b-b81b-83767288bc5e'),
(27,	'Last Name',	1,	'206b2dbe-ecc9-490b-b81b-83767288bc5e'),
(28,	'Fees',	2,	'206b2dbe-ecc9-490b-b81b-83767288bc5e'),
(29,	'Expense',	2,	'206b2dbe-ecc9-490b-b81b-83767288bc5e'),
(30,	'Month',	3,	'206b2dbe-ecc9-490b-b81b-83767288bc5e'),
(31,	'Expense',	2,	'206b2dbe-ecc9-490b-b81b-83767288bc5e'),
(32,	'Month',	1,	'206b2dbe-ecc9-490b-b81b-83767288bc5e'),
(33,	'Question 1',	4,	'206b2dbe-ecc9-490b-b81b-83767288bc5e'),
(34,	'Question 2',	8,	'206b2dbe-ecc9-490b-b81b-83767288bc5e'),
(36,	'temp',	8,	'206b2dbe-ecc9-490b-b81b-83767288bc5e'),
(37,	'First Name',	1,	'206b2dbe-ecc9-490b-b81b-83767288bc5e'),
(38,	'First Name',	1,	'206b2dbe-ecc9-490b-b81b-83767288bc5e'),
(39,	'Student ID',	2,	'206b2dbe-ecc9-490b-b81b-83767288bc5e'),
(40,	'Who is the ghost in this novel?',	1,	'206b2dbe-ecc9-490b-b81b-83767288bc5e'),
(41,	'Who is the ghost in this novel?',	1,	'206b2dbe-ecc9-490b-b81b-83767288bc5e'),
(42,	'ID',	2,	'206b2dbe-ecc9-490b-b81b-83767288bc5e'),
(43,	'First Name',	1,	'206b2dbe-ecc9-490b-b81b-83767288bc5e'),
(44,	'Last Name',	1,	'206b2dbe-ecc9-490b-b81b-83767288bc5e'),
(45,	'What is your car name?',	1,	'206b2dbe-ecc9-490b-b81b-83767288bc5e'),
(50,	'',	NULL,	'206b2dbe-ecc9-490b-b81b-83767288bc5e'),
(51,	'',	NULL,	'206b2dbe-ecc9-490b-b81b-83767288bc5e'),
(52,	'',	NULL,	'206b2dbe-ecc9-490b-b81b-83767288bc5e'),
(53,	'ww?',	1,	'206b2dbe-ecc9-490b-b81b-83767288bc5e'),
(54,	'How many',	2,	'206b2dbe-ecc9-490b-b81b-83767288bc5e'),
(55,	'Why was it soptted?',	1,	'206b2dbe-ecc9-490b-b81b-83767288bc5e'),
(56,	'Where was it spotted?',	1,	'206b2dbe-ecc9-490b-b81b-83767288bc5e'),
(57,	'New',	3,	'206b2dbe-ecc9-490b-b81b-83767288bc5e'),
(58,	'First Name',	1,	'206b2dbe-ecc9-490b-b81b-83767288bc5e'),
(59,	'Gender',	4,	'206b2dbe-ecc9-490b-b81b-83767288bc5e'),
(60,	'Hobby',	5,	'206b2dbe-ecc9-490b-b81b-83767288bc5e'),
(61,	'Date',	6,	'206b2dbe-ecc9-490b-b81b-83767288bc5e'),
(62,	'Time',	7,	'206b2dbe-ecc9-490b-b81b-83767288bc5e'),
(63,	'Attachment',	8,	'206b2dbe-ecc9-490b-b81b-83767288bc5e'),
(64,	'Address',	9,	'206b2dbe-ecc9-490b-b81b-83767288bc5e'),
(65,	'First Name',	1,	'206b2dbe-ecc9-490b-b81b-83767288bc5e'),
(66,	'New',	3,	'206b2dbe-ecc9-490b-b81b-83767288bc5e'),
(67,	'Hobby',	5,	'206b2dbe-ecc9-490b-b81b-83767288bc5e'),
(68,	'Gender',	4,	'206b2dbe-ecc9-490b-b81b-83767288bc5e'),
(69,	'Date',	6,	'206b2dbe-ecc9-490b-b81b-83767288bc5e'),
(70,	'Time',	7,	'206b2dbe-ecc9-490b-b81b-83767288bc5e'),
(71,	'Attachment',	8,	'206b2dbe-ecc9-490b-b81b-83767288bc5e'),
(72,	'Address',	9,	'206b2dbe-ecc9-490b-b81b-83767288bc5e'),
(73,	'First Name',	1,	'206b2dbe-ecc9-490b-b81b-83767288bc5e'),
(74,	'Date',	6,	'206b2dbe-ecc9-490b-b81b-83767288bc5e'),
(75,	'New',	3,	'206b2dbe-ecc9-490b-b81b-83767288bc5e'),
(76,	'Gender',	4,	'206b2dbe-ecc9-490b-b81b-83767288bc5e'),
(77,	'Hobby',	5,	'206b2dbe-ecc9-490b-b81b-83767288bc5e'),
(78,	'Time',	7,	'206b2dbe-ecc9-490b-b81b-83767288bc5e'),
(79,	'Address',	9,	'206b2dbe-ecc9-490b-b81b-83767288bc5e'),
(80,	'Attachment',	8,	'206b2dbe-ecc9-490b-b81b-83767288bc5e'),
(81,	'Project Deadline',	6,	'206b2dbe-ecc9-490b-b81b-83767288bc5e'),
(82,	'Project Deadline',	6,	'206b2dbe-ecc9-490b-b81b-83767288bc5e'),
(83,	'',	NULL,	'206b2dbe-ecc9-490b-b81b-83767288bc5e'),
(84,	'',	NULL,	'206b2dbe-ecc9-490b-b81b-83767288bc5e'),
(87,	'First Name',	1,	'206b2dbe-ecc9-490b-b81b-83767288bc5e'),
(88,	'Last Name',	1,	'206b2dbe-ecc9-490b-b81b-83767288bc5e'),
(89,	'',	NULL,	'206b2dbe-ecc9-490b-b81b-83767288bc5e'),
(90,	'',	NULL,	'206b2dbe-ecc9-490b-b81b-83767288bc5e'),
(91,	'',	NULL,	'206b2dbe-ecc9-490b-b81b-83767288bc5e'),
(92,	'',	NULL,	'206b2dbe-ecc9-490b-b81b-83767288bc5e'),
(93,	'',	NULL,	'206b2dbe-ecc9-490b-b81b-83767288bc5e'),
(94,	'',	NULL,	'206b2dbe-ecc9-490b-b81b-83767288bc5e'),
(95,	'',	NULL,	'206b2dbe-ecc9-490b-b81b-83767288bc5e'),
(96,	'',	NULL,	'206b2dbe-ecc9-490b-b81b-83767288bc5e'),
(97,	'',	NULL,	'206b2dbe-ecc9-490b-b81b-83767288bc5e'),
(98,	'',	NULL,	'206b2dbe-ecc9-490b-b81b-83767288bc5e'),
(99,	'',	NULL,	'206b2dbe-ecc9-490b-b81b-83767288bc5e'),
(100,	'',	NULL,	'206b2dbe-ecc9-490b-b81b-83767288bc5e'),
(101,	'ID',	2,	'206b2dbe-ecc9-490b-b81b-83767288bc5e'),
(102,	'Name',	1,	'206b2dbe-ecc9-490b-b81b-83767288bc5e'),
(103,	'Address',	9,	'206b2dbe-ecc9-490b-b81b-83767288bc5e'),
(104,	'text',	1,	'206b2dbe-ecc9-490b-b81b-83767288bc5e'),
(105,	'checkbox',	5,	'206b2dbe-ecc9-490b-b81b-83767288bc5e'),
(106,	'radio',	4,	'206b2dbe-ecc9-490b-b81b-83767288bc5e'),
(107,	'dropdown',	3,	'206b2dbe-ecc9-490b-b81b-83767288bc5e'),
(108,	'dropdown',	3,	'206b2dbe-ecc9-490b-b81b-83767288bc5e'),
(109,	'checkbox',	5,	'206b2dbe-ecc9-490b-b81b-83767288bc5e'),
(110,	'text',	1,	'206b2dbe-ecc9-490b-b81b-83767288bc5e'),
(111,	'radio',	4,	'206b2dbe-ecc9-490b-b81b-83767288bc5e'),
(112,	'checkbox',	5,	'206b2dbe-ecc9-490b-b81b-83767288bc5e'),
(113,	'dropdown',	3,	'206b2dbe-ecc9-490b-b81b-83767288bc5e'),
(114,	'text',	1,	'206b2dbe-ecc9-490b-b81b-83767288bc5e'),
(115,	'radio',	4,	'206b2dbe-ecc9-490b-b81b-83767288bc5e'),
(116,	'From Date',	6,	'206b2dbe-ecc9-490b-b81b-83767288bc5e'),
(117,	'To Date',	6,	'206b2dbe-ecc9-490b-b81b-83767288bc5e'),
(118,	'Reason for Leave',	9,	'206b2dbe-ecc9-490b-b81b-83767288bc5e'),
(119,	'Type of Leave',	3,	'206b2dbe-ecc9-490b-b81b-83767288bc5e'),
(120,	'Immediate Head',	3,	'206b2dbe-ecc9-490b-b81b-83767288bc5e'),
(121,	'From Date',	6,	'206b2dbe-ecc9-490b-b81b-83767288bc5e'),
(122,	'Type of Leave',	3,	'206b2dbe-ecc9-490b-b81b-83767288bc5e'),
(123,	'Immediate Head',	3,	'206b2dbe-ecc9-490b-b81b-83767288bc5e'),
(124,	'Reason for Leave',	9,	'206b2dbe-ecc9-490b-b81b-83767288bc5e'),
(125,	'To Date',	6,	'206b2dbe-ecc9-490b-b81b-83767288bc5e'),
(126,	'What is the day?',	3,	'206b2dbe-ecc9-490b-b81b-83767288bc5e'),
(127,	'yuyiuoio',	1,	'206b2dbe-ecc9-490b-b81b-83767288bc5e'),
(128,	'What is the day?',	3,	'206b2dbe-ecc9-490b-b81b-83767288bc5e'),
(129,	'yuyiuoio',	1,	'206b2dbe-ecc9-490b-b81b-83767288bc5e'),
(130,	'yuyiuoio',	1,	'206b2dbe-ecc9-490b-b81b-83767288bc5e'),
(131,	'What is the day?',	3,	'206b2dbe-ecc9-490b-b81b-83767288bc5e'),
(132,	'What is the day?',	3,	'206b2dbe-ecc9-490b-b81b-83767288bc5e'),
(133,	'yuyiuoio',	1,	'206b2dbe-ecc9-490b-b81b-83767288bc5e'),
(134,	'sss',	5,	'206b2dbe-ecc9-490b-b81b-83767288bc5e'),
(135,	'First Name',	1,	'206b2dbe-ecc9-490b-b81b-83767288bc5e'),
(136,	'What is your car name?',	1,	'206b2dbe-ecc9-490b-b81b-83767288bc5e'),
(137,	'Department',	3,	'206b2dbe-ecc9-490b-b81b-83767288bc5e'),
(138,	'Immediate Lead',	5,	'206b2dbe-ecc9-490b-b81b-83767288bc5e'),
(139,	'Type of Leave',	3,	'206b2dbe-ecc9-490b-b81b-83767288bc5e'),
(140,	'To Date',	6,	'206b2dbe-ecc9-490b-b81b-83767288bc5e'),
(141,	'From Date',	6,	'206b2dbe-ecc9-490b-b81b-83767288bc5e'),
(142,	'No. of Leaves (In Days)',	2,	'206b2dbe-ecc9-490b-b81b-83767288bc5e'),
(143,	'Department',	3,	'206b2dbe-ecc9-490b-b81b-83767288bc5e'),
(144,	'Type of Leave',	3,	'206b2dbe-ecc9-490b-b81b-83767288bc5e'),
(145,	'Immediate Lead',	5,	'206b2dbe-ecc9-490b-b81b-83767288bc5e'),
(146,	'From Date',	6,	'206b2dbe-ecc9-490b-b81b-83767288bc5e'),
(147,	'To Date',	6,	'206b2dbe-ecc9-490b-b81b-83767288bc5e'),
(151,	'Attach File (If any)',	8,	'206b2dbe-ecc9-490b-b81b-83767288bc5e'),
(152,	'Reason for Leave',	9,	'206b2dbe-ecc9-490b-b81b-83767288bc5e'),
(153,	'Status',	3,	'206b2dbe-ecc9-490b-b81b-83767288bc5e'),
(154,	'Approved By',	5,	'206b2dbe-ecc9-490b-b81b-83767288bc5e'),
(156,	'No. of Approved Leave (In Days)',	2,	'206b2dbe-ecc9-490b-b81b-83767288bc5e'),
(157,	'No. of Leaves (In Days)',	2,	'206b2dbe-ecc9-490b-b81b-83767288bc5e'),
(158,	'LName',	1,	'206b2dbe-ecc9-490b-b81b-83767288bc5e'),
(159,	'FName',	1,	'206b2dbe-ecc9-490b-b81b-83767288bc5e'),
(160,	'FName',	1,	'206b2dbe-ecc9-490b-b81b-83767288bc5e'),
(161,	'LName',	1,	'206b2dbe-ecc9-490b-b81b-83767288bc5e'),
(162,	'FName',	1,	'206b2dbe-ecc9-490b-b81b-83767288bc5e'),
(163,	'LName',	1,	'206b2dbe-ecc9-490b-b81b-83767288bc5e'),
(164,	'lname',	1,	'206b2dbe-ecc9-490b-b81b-83767288bc5e'),
(165,	'lname',	1,	'206b2dbe-ecc9-490b-b81b-83767288bc5e'),
(166,	'lname',	1,	'206b2dbe-ecc9-490b-b81b-83767288bc5e'),
(167,	'Department',	3,	'206b2dbe-ecc9-490b-b81b-83767288bc5e'),
(168,	'Date',	6,	'206b2dbe-ecc9-490b-b81b-83767288bc5e'),
(169,	'Project',	5,	'206b2dbe-ecc9-490b-b81b-83767288bc5e'),
(170,	'Task Title',	1,	'206b2dbe-ecc9-490b-b81b-83767288bc5e'),
(171,	'Send To',	5,	'206b2dbe-ecc9-490b-b81b-83767288bc5e'),
(172,	'Task Time',	7,	'206b2dbe-ecc9-490b-b81b-83767288bc5e'),
(173,	'Department',	3,	'206b2dbe-ecc9-490b-b81b-83767288bc5e'),
(174,	'Send To',	5,	'206b2dbe-ecc9-490b-b81b-83767288bc5e'),
(175,	'Date',	6,	'206b2dbe-ecc9-490b-b81b-83767288bc5e'),
(176,	'Project',	5,	'206b2dbe-ecc9-490b-b81b-83767288bc5e'),
(177,	'Task Title',	1,	'206b2dbe-ecc9-490b-b81b-83767288bc5e'),
(179,	'Task Time',	7,	'206b2dbe-ecc9-490b-b81b-83767288bc5e'),
(180,	'nfjdbf',	1,	'206b2dbe-ecc9-490b-b81b-83767288bc5e'),
(181,	'title',	1,	'206b2dbe-ecc9-490b-b81b-83767288bc5e'),
(182,	'First Name',	1,	'206b2dbe-ecc9-490b-b81b-83767288bc5e'),
(183,	'Last Name',	1,	'206b2dbe-ecc9-490b-b81b-83767288bc5e'),
(184,	'Last Name',	1,	'206b2dbe-ecc9-490b-b81b-83767288bc5e'),
(185,	'First Name',	1,	'206b2dbe-ecc9-490b-b81b-83767288bc5e'),
(186,	'First Name',	1,	'206b2dbe-ecc9-490b-b81b-83767288bc5e'),
(187,	'Last Name',	1,	'206b2dbe-ecc9-490b-b81b-83767288bc5e'),
(188,	'First Name',	1,	'206b2dbe-ecc9-490b-b81b-83767288bc5e'),
(189,	'Last Name',	1,	'206b2dbe-ecc9-490b-b81b-83767288bc5e'),
(190,	'pqr?',	1,	'206b2dbe-ecc9-490b-b81b-83767288bc5e'),
(191,	'qwer',	1,	'206b2dbe-ecc9-490b-b81b-83767288bc5e'),
(192,	'pqr?',	1,	'206b2dbe-ecc9-490b-b81b-83767288bc5e'),
(193,	'qwer',	1,	'206b2dbe-ecc9-490b-b81b-83767288bc5e'),
(194,	'First Name',	1,	'206b2dbe-ecc9-490b-b81b-83767288bc5e'),
(195,	'Last Name',	1,	'206b2dbe-ecc9-490b-b81b-83767288bc5e'),
(196,	'First Name',	1,	'206b2dbe-ecc9-490b-b81b-83767288bc5e'),
(197,	'Last Name',	1,	'206b2dbe-ecc9-490b-b81b-83767288bc5e'),
(200,	'First Name',	1,	'206b2dbe-ecc9-490b-b81b-83767288bc5e'),
(201,	'Last Name',	1,	'206b2dbe-ecc9-490b-b81b-83767288bc5e'),
(202,	'class',	1,	'206b2dbe-ecc9-490b-b81b-83767288bc5e'),
(203,	'name',	1,	'206b2dbe-ecc9-490b-b81b-83767288bc5e'),
(204,	'Id',	2,	'206b2dbe-ecc9-490b-b81b-83767288bc5e'),
(205,	'Assigned To',	5,	'206b2dbe-ecc9-490b-b81b-83767288bc5e'),
(206,	'Assigned By',	5,	'206b2dbe-ecc9-490b-b81b-83767288bc5e'),
(207,	'From',	5,	'206b2dbe-ecc9-490b-b81b-83767288bc5e'),
(208,	'To',	5,	'206b2dbe-ecc9-490b-b81b-83767288bc5e'),
(209,	'From',	5,	'206b2dbe-ecc9-490b-b81b-83767288bc5e'),
(210,	'To',	5,	'206b2dbe-ecc9-490b-b81b-83767288bc5e'),
(211,	'From',	5,	'206b2dbe-ecc9-490b-b81b-83767288bc5e'),
(212,	'To',	5,	'206b2dbe-ecc9-490b-b81b-83767288bc5e'),
(213,	'from',	5,	'206b2dbe-ecc9-490b-b81b-83767288bc5e'),
(214,	'to',	5,	'206b2dbe-ecc9-490b-b81b-83767288bc5e'),
(215,	'from',	5,	'206b2dbe-ecc9-490b-b81b-83767288bc5e'),
(216,	'to',	5,	'206b2dbe-ecc9-490b-b81b-83767288bc5e'),
(217,	'Student ID',	2,	'206b2dbe-ecc9-490b-b81b-83767288bc5e'),
(218,	'Standard',	1,	'206b2dbe-ecc9-490b-b81b-83767288bc5e'),
(219,	'Grade',	1,	'206b2dbe-ecc9-490b-b81b-83767288bc5e'),
(220,	'Student ID',	2,	'206b2dbe-ecc9-490b-b81b-83767288bc5e'),
(221,	'Standard',	1,	'206b2dbe-ecc9-490b-b81b-83767288bc5e'),
(222,	'Grade',	1,	'206b2dbe-ecc9-490b-b81b-83767288bc5e'),
(223,	'Grade',	1,	'206b2dbe-ecc9-490b-b81b-83767288bc5e'),
(224,	'Student ID',	2,	'206b2dbe-ecc9-490b-b81b-83767288bc5e'),
(225,	'Standard',	1,	'206b2dbe-ecc9-490b-b81b-83767288bc5e'),
(226,	'Grade',	1,	'206b2dbe-ecc9-490b-b81b-83767288bc5e'),
(227,	'Student ID',	2,	'206b2dbe-ecc9-490b-b81b-83767288bc5e'),
(228,	'Standard',	1,	'206b2dbe-ecc9-490b-b81b-83767288bc5e'),
(229,	'Standard',	1,	'206b2dbe-ecc9-490b-b81b-83767288bc5e'),
(230,	'Student ID',	2,	'206b2dbe-ecc9-490b-b81b-83767288bc5e'),
(231,	'Standard',	1,	'206b2dbe-ecc9-490b-b81b-83767288bc5e'),
(232,	'Grade',	1,	'206b2dbe-ecc9-490b-b81b-83767288bc5e'),
(233,	'Student ID',	2,	'206b2dbe-ecc9-490b-b81b-83767288bc5e'),
(234,	'Grade',	1,	'206b2dbe-ecc9-490b-b81b-83767288bc5e'),
(235,	'Student ID',	2,	'206b2dbe-ecc9-490b-b81b-83767288bc5e'),
(236,	'Standard',	1,	'206b2dbe-ecc9-490b-b81b-83767288bc5e'),
(237,	'Grade',	1,	'206b2dbe-ecc9-490b-b81b-83767288bc5e'),
(238,	'Grade',	1,	'206b2dbe-ecc9-490b-b81b-83767288bc5e'),
(239,	'Standard',	1,	'206b2dbe-ecc9-490b-b81b-83767288bc5e'),
(240,	'Student ID',	2,	'206b2dbe-ecc9-490b-b81b-83767288bc5e'),
(241,	'Student ID',	2,	'206b2dbe-ecc9-490b-b81b-83767288bc5e'),
(242,	'Grade',	1,	'206b2dbe-ecc9-490b-b81b-83767288bc5e'),
(243,	'Standard',	1,	'206b2dbe-ecc9-490b-b81b-83767288bc5e'),
(244,	'Student ID',	2,	'206b2dbe-ecc9-490b-b81b-83767288bc5e'),
(245,	'Standard',	1,	'206b2dbe-ecc9-490b-b81b-83767288bc5e'),
(246,	'Grade',	1,	'206b2dbe-ecc9-490b-b81b-83767288bc5e'),
(247,	'Standard',	1,	'206b2dbe-ecc9-490b-b81b-83767288bc5e'),
(248,	'Grade',	1,	'206b2dbe-ecc9-490b-b81b-83767288bc5e'),
(249,	'Student ID',	2,	'206b2dbe-ecc9-490b-b81b-83767288bc5e'),
(250,	'ID',	1,	'206b2dbe-ecc9-490b-b81b-83767288bc5e'),
(251,	'Standard',	1,	'206b2dbe-ecc9-490b-b81b-83767288bc5e'),
(252,	'Grade',	1,	'206b2dbe-ecc9-490b-b81b-83767288bc5e'),
(253,	'Report ID',	2,	'206b2dbe-ecc9-490b-b81b-83767288bc5e'),
(254,	'Report Title',	1,	'206b2dbe-ecc9-490b-b81b-83767288bc5e'),
(255,	'M Radio',	4,	'206b2dbe-ecc9-490b-b81b-83767288bc5e'),
(256,	'M Checkbox List',	5,	'206b2dbe-ecc9-490b-b81b-83767288bc5e'),
(257,	'M Dropdown',	3,	'206b2dbe-ecc9-490b-b81b-83767288bc5e'),
(258,	'Lead',	3,	'206b2dbe-ecc9-490b-b81b-83767288bc5e'),
(259,	'Attach File',	8,	'206b2dbe-ecc9-490b-b81b-83767288bc5e'),
(260,	'Department',	3,	'206b2dbe-ecc9-490b-b81b-83767288bc5e'),
(261,	'Reason',	9,	'206b2dbe-ecc9-490b-b81b-83767288bc5e'),
(264,	'From Date',	6,	'206b2dbe-ecc9-490b-b81b-83767288bc5e'),
(265,	'No of Leaves Approved',	2,	'206b2dbe-ecc9-490b-b81b-83767288bc5e'),
(266,	'No of Leaves',	2,	'206b2dbe-ecc9-490b-b81b-83767288bc5e'),
(267,	'To Date',	6,	'206b2dbe-ecc9-490b-b81b-83767288bc5e'),
(268,	'name',	2,	'206b2dbe-ecc9-490b-b81b-83767288bc5e'),
(269,	'number',	2,	'206b2dbe-ecc9-490b-b81b-83767288bc5e'),
(270,	'number',	2,	'206b2dbe-ecc9-490b-b81b-83767288bc5e'),
(271,	'name',	2,	'206b2dbe-ecc9-490b-b81b-83767288bc5e'),
(272,	'number',	2,	'206b2dbe-ecc9-490b-b81b-83767288bc5e'),
(273,	'name',	2,	'206b2dbe-ecc9-490b-b81b-83767288bc5e'),
(274,	'number',	2,	'206b2dbe-ecc9-490b-b81b-83767288bc5e'),
(275,	'name',	1,	'206b2dbe-ecc9-490b-b81b-83767288bc5e'),
(276,	'address',	9,	'206b2dbe-ecc9-490b-b81b-83767288bc5e'),
(277,	'num',	2,	'206b2dbe-ecc9-490b-b81b-83767288bc5e'),
(278,	'check1',	5,	'206b2dbe-ecc9-490b-b81b-83767288bc5e'),
(279,	'name',	1,	'206b2dbe-ecc9-490b-b81b-83767288bc5e'),
(280,	'drop1',	3,	'206b2dbe-ecc9-490b-b81b-83767288bc5e'),
(281,	'text',	1,	'206b2dbe-ecc9-490b-b81b-83767288bc5e'),
(282,	'Full Name',	1,	'206b2dbe-ecc9-490b-b81b-83767288bc5e'),
(283,	'Maths Percentage',	2,	'206b2dbe-ecc9-490b-b81b-83767288bc5e'),
(284,	'Science Percentage',	2,	'206b2dbe-ecc9-490b-b81b-83767288bc5e'),
(285,	'Physics Percentage',	2,	'206b2dbe-ecc9-490b-b81b-83767288bc5e'),
(286,	'Month',	1,	'206b2dbe-ecc9-490b-b81b-83767288bc5e'),
(287,	'Expense',	2,	'206b2dbe-ecc9-490b-b81b-83767288bc5e'),
(288,	'Month',	1,	'206b2dbe-ecc9-490b-b81b-83767288bc5e'),
(289,	'Expense',	2,	'206b2dbe-ecc9-490b-b81b-83767288bc5e'),
(290,	'Expense 2',	2,	'206b2dbe-ecc9-490b-b81b-83767288bc5e'),
(291,	'Address',	9,	'206b2dbe-ecc9-490b-b81b-83767288bc5e'),
(292,	'Name',	1,	'206b2dbe-ecc9-490b-b81b-83767288bc5e'),
(293,	'First Name',	1,	'206b2dbe-ecc9-490b-b81b-83767288bc5e'),
(294,	'Last Name',	1,	'206b2dbe-ecc9-490b-b81b-83767288bc5e'),
(295,	'Student Name',	1,	'206b2dbe-ecc9-490b-b81b-83767288bc5e'),
(296,	'Subject',	1,	'206b2dbe-ecc9-490b-b81b-83767288bc5e'),
(297,	'Marks',	2,	'206b2dbe-ecc9-490b-b81b-83767288bc5e'),
(298,	'Student Name',	1,	'206b2dbe-ecc9-490b-b81b-83767288bc5e'),
(299,	'Subject',	1,	'206b2dbe-ecc9-490b-b81b-83767288bc5e'),
(300,	'Marks',	2,	'206b2dbe-ecc9-490b-b81b-83767288bc5e'),
(301,	'Address',	9,	'206b2dbe-ecc9-490b-b81b-83767288bc5e'),
(302,	'Name',	1,	'206b2dbe-ecc9-490b-b81b-83767288bc5e'),
(303,	'Roll No',	2,	'206b2dbe-ecc9-490b-b81b-83767288bc5e'),
(304,	'Course',	3,	'206b2dbe-ecc9-490b-b81b-83767288bc5e'),
(305,	'nnn',	1,	'206b2dbe-ecc9-490b-b81b-83767288bc5e'),
(306,	'Doctor Name',	1,	'206b2dbe-ecc9-490b-b81b-83767288bc5e'),
(307,	'Experience',	3,	'206b2dbe-ecc9-490b-b81b-83767288bc5e'),
(308,	'Type of Specialist',	3,	'206b2dbe-ecc9-490b-b81b-83767288bc5e'),
(309,	'Doctor Name',	1,	'206b2dbe-ecc9-490b-b81b-83767288bc5e'),
(310,	'Type of Specialist',	3,	'206b2dbe-ecc9-490b-b81b-83767288bc5e'),
(311,	'Experience',	3,	'206b2dbe-ecc9-490b-b81b-83767288bc5e'),
(312,	'Patient Name',	1,	'206b2dbe-ecc9-490b-b81b-83767288bc5e'),
(313,	'Patient Age',	2,	'206b2dbe-ecc9-490b-b81b-83767288bc5e'),
(314,	'Patient Name',	1,	'206b2dbe-ecc9-490b-b81b-83767288bc5e'),
(315,	'Patient Age',	2,	'206b2dbe-ecc9-490b-b81b-83767288bc5e'),
(316,	'Appointment Date',	6,	'206b2dbe-ecc9-490b-b81b-83767288bc5e'),
(317,	'Select Doctor Specialist',	3,	'206b2dbe-ecc9-490b-b81b-83767288bc5e'),
(318,	'Reason for Appointment',	9,	'206b2dbe-ecc9-490b-b81b-83767288bc5e'),
(319,	'Appointment Time',	7,	'206b2dbe-ecc9-490b-b81b-83767288bc5e'),
(320,	'Sex',	4,	'206b2dbe-ecc9-490b-b81b-83767288bc5e'),
(321,	'dd',	1,	'206b2dbe-ecc9-490b-b81b-83767288bc5e'),
(322,	'Blood Group',	3,	'206b2dbe-ecc9-490b-b81b-83767288bc5e'),
(323,	'Donor Name',	4,	'206b2dbe-ecc9-490b-b81b-83767288bc5e'),
(324,	'First Name',	1,	'206b2dbe-ecc9-490b-b81b-83767288bc5e'),
(325,	'ID',	1,	'206b2dbe-ecc9-490b-b81b-83767288bc5e'),
(326,	'Grade',	1,	'206b2dbe-ecc9-490b-b81b-83767288bc5e'),
(327,	'Standard',	1,	'206b2dbe-ecc9-490b-b81b-83767288bc5e'),
(328,	'Name',	1,	'206b2dbe-ecc9-490b-b81b-83767288bc5e'),
(329,	'Address',	9,	'206b2dbe-ecc9-490b-b81b-83767288bc5e'),
(330,	'Temp',	7,	'206b2dbe-ecc9-490b-b81b-83767288bc5e'),
(331,	'Price',	2,	'206b2dbe-ecc9-490b-b81b-83767288bc5e'),
(332,	'Product',	1,	'206b2dbe-ecc9-490b-b81b-83767288bc5e'),
(333,	'Emp Name',	1,	'206b2dbe-ecc9-490b-b81b-83767288bc5e'),
(334,	'Emp ID',	2,	'206b2dbe-ecc9-490b-b81b-83767288bc5e'),
(335,	'Emp Name',	1,	'206b2dbe-ecc9-490b-b81b-83767288bc5e'),
(336,	'Emp ID',	2,	'206b2dbe-ecc9-490b-b81b-83767288bc5e'),
(337,	'Emp Salary',	2,	'206b2dbe-ecc9-490b-b81b-83767288bc5e'),
(338,	'First Name',	1,	'206b2dbe-ecc9-490b-b81b-83767288bc5e'),
(339,	'ID',	2,	'206b2dbe-ecc9-490b-b81b-83767288bc5e'),
(340,	'Last Name',	1,	'206b2dbe-ecc9-490b-b81b-83767288bc5e'),
(341,	'Temp',	6,	'206b2dbe-ecc9-490b-b81b-83767288bc5e'),
(342,	'Reason for Appointment',	9,	'206b2dbe-ecc9-490b-b81b-83767288bc5e'),
(343,	'Student ID',	2,	'206b2dbe-ecc9-490b-b81b-83767288bc5e'),
(344,	'ID',	2,	'206b2dbe-ecc9-490b-b81b-83767288bc5e'),
(345,	'Last Name',	1,	'206b2dbe-ecc9-490b-b81b-83767288bc5e'),
(346,	'First Name',	1,	'206b2dbe-ecc9-490b-b81b-83767288bc5e'),
(347,	'ID',	2,	'206b2dbe-ecc9-490b-b81b-83767288bc5e'),
(348,	'First Name',	1,	'206b2dbe-ecc9-490b-b81b-83767288bc5e'),
(349,	'Last Name',	1,	'206b2dbe-ecc9-490b-b81b-83767288bc5e'),
(350,	'ID',	2,	'206b2dbe-ecc9-490b-b81b-83767288bc5e'),
(351,	'Last Name',	1,	'206b2dbe-ecc9-490b-b81b-83767288bc5e'),
(352,	'First Name',	1,	'206b2dbe-ecc9-490b-b81b-83767288bc5e'),
(353,	'Address',	9,	'206b2dbe-ecc9-490b-b81b-83767288bc5e');

DROP TABLE IF EXISTS `field_types`;
CREATE TABLE `field_types` (
  `id` int(11) NOT NULL AUTO_INCREMENT,
  `title` varchar(20) NOT NULL,
  `type` varchar(20) DEFAULT NULL,
  `secret` varchar(255) NOT NULL,
  PRIMARY KEY (`id`)
) ENGINE=InnoDB DEFAULT CHARSET=latin1;

INSERT INTO `field_types` (`id`, `title`, `type`, `secret`) VALUES
(1,	'Text',	'text',	'206b2dbe-ecc9-490b-b81b-83767288bc5e'),
(2,	'Number',	'number',	'206b2dbe-ecc9-490b-b81b-83767288bc5e'),
(3,	'Dropdown',	'list',	'206b2dbe-ecc9-490b-b81b-83767288bc5e'),
(4,	'RadioButtonList',	'list',	'206b2dbe-ecc9-490b-b81b-83767288bc5e'),
(5,	'CheckBoxList',	'list',	'206b2dbe-ecc9-490b-b81b-83767288bc5e'),
(6,	'Date',	'date',	'206b2dbe-ecc9-490b-b81b-83767288bc5e'),
(7,	'Time',	'time',	'206b2dbe-ecc9-490b-b81b-83767288bc5e'),
(8,	'File',	'file',	'206b2dbe-ecc9-490b-b81b-83767288bc5e'),
(9,	'TextArea',	'textarea',	'206b2dbe-ecc9-490b-b81b-83767288bc5e'),
(10,	'Formula',	'formula',	'206b2dbe-ecc9-490b-b81b-83767288bc5e'),
(11,	'Capture',	'capture',	'206b2dbe-ecc9-490b-b81b-83767288bc5e'),
(12,	'Master',	'list',	'206b2dbe-ecc9-490b-b81b-83767288bc5e');

DROP TABLE IF EXISTS `files`;
CREATE TABLE `files` (
  `id` int(11) NOT NULL AUTO_INCREMENT,
  `file` varchar(255) DEFAULT NULL,
  `secret` varchar(255) NOT NULL,
  PRIMARY KEY (`id`)
) ENGINE=InnoDB DEFAULT CHARSET=latin1;

INSERT INTO `files` (`id`, `file`, `secret`) VALUES
(1,	'uploads/files/1-BI-Final-logo3.png',	''),
(2,	'uploads/files/2-IMG-20170223-WA0008.jpg',	''),
(3,	'uploads/files/3-IMG-20170203-WA0004.jpg',	''),
(4,	'uploads/files/4-images.jpg',	''),
(5,	'uploads/files/5-Jahanvi MYRA.xlsx',	'');

DROP TABLE IF EXISTS `forms`;
CREATE TABLE `forms` (
  `id` int(11) NOT NULL AUTO_INCREMENT,
  `title` varchar(200) NOT NULL,
  `categoryId` int(11) NOT NULL,
  `numberofColumn` varchar(10) NOT NULL,
  `UserId` varchar(20) DEFAULT NULL,
  `GroupId` varchar(20) DEFAULT NULL,
  `is_group` tinyint(1) DEFAULT NULL,
  `is_active` tinyint(4) NOT NULL DEFAULT '1',
  `is_public` tinyint(4) NOT NULL DEFAULT '0',
  `autoIncrement` tinyint(4) DEFAULT '0',
  `master_id` int(11) DEFAULT NULL,
  `default_field_id` int(11) DEFAULT NULL,
  `masterEnableUpadte` tinyint(4) NOT NULL DEFAULT '0',
  `sendEmailAlert` tinyint(4) NOT NULL DEFAULT '0',
  `reasonForUpdate` tinyint(4) NOT NULL DEFAULT '0',
  `masterEnableList` varchar(200) DEFAULT NULL,
  `secret` varchar(255) NOT NULL,
  PRIMARY KEY (`id`),
  KEY `categoryId` (`categoryId`),
  KEY `master_id` (`master_id`),
  KEY `default_field_id` (`default_field_id`),
  CONSTRAINT `forms_ibfk_2` FOREIGN KEY (`categoryId`) REFERENCES `category` (`id`) ON DELETE CASCADE ON UPDATE CASCADE,
  CONSTRAINT `forms_ibfk_4` FOREIGN KEY (`master_id`) REFERENCES `master` (`id`) ON DELETE CASCADE ON UPDATE CASCADE,
  CONSTRAINT `forms_ibfk_6` FOREIGN KEY (`default_field_id`) REFERENCES `default_fields` (`id`) ON DELETE CASCADE ON UPDATE CASCADE
) ENGINE=InnoDB DEFAULT CHARSET=latin1;

INSERT INTO `forms` (`id`, `title`, `categoryId`, `numberofColumn`, `UserId`, `GroupId`, `is_group`, `is_active`, `is_public`, `autoIncrement`, `master_id`, `default_field_id`, `masterEnableUpadte`, `sendEmailAlert`, `reasonForUpdate`, `masterEnableList`, `secret`) VALUES
(44,	'Employee Leave Form',	1,	'col s12',	'5,4',	'',	0,	1,	0,	0,	15,	NULL,	1,	1,	0,	'15',	'206b2dbe-ecc9-490b-b81b-83767288bc5e'),
(47,	'Testing',	2,	'col s6',	'',	'',	0,	1,	0,	0,	4,	NULL,	1,	0,	1,	'4',	'206b2dbe-ecc9-490b-b81b-83767288bc5e'),
(52,	'Time-Sheet Form',	2,	'col s6',	'',	'',	0,	1,	0,	0,	15,	NULL,	0,	1,	1,	NULL,	'206b2dbe-ecc9-490b-b81b-83767288bc5e'),
(79,	'student registration',	3,	'col s6',	'',	'',	1,	1,	0,	0,	NULL,	NULL,	0,	0,	0,	NULL,	'206b2dbe-ecc9-490b-b81b-83767288bc5e'),
(81,	'Leave Form',	2,	'col s12',	'',	'',	0,	1,	0,	0,	NULL,	NULL,	1,	0,	0,	'15',	'206b2dbe-ecc9-490b-b81b-83767288bc5e'),
(88,	'Students Result',	3,	'col s12',	'',	'',	1,	1,	0,	0,	NULL,	NULL,	0,	0,	0,	NULL,	'206b2dbe-ecc9-490b-b81b-83767288bc5e'),
(89,	'Company\'s Expense',	1,	'col s12',	'2,23',	'',	0,	1,	0,	0,	NULL,	NULL,	1,	1,	0,	'9',	'206b2dbe-ecc9-490b-b81b-83767288bc5e'),
(96,	'Form2',	2,	'col s12',	'5,23,25,23',	'',	0,	1,	0,	0,	NULL,	NULL,	0,	0,	0,	NULL,	'206b2dbe-ecc9-490b-b81b-83767288bc5e'),
(98,	'Doctor Information',	1,	'col s12',	'5,7,9,4',	'10',	1,	1,	0,	0,	NULL,	NULL,	0,	0,	0,	NULL,	'206b2dbe-ecc9-490b-b81b-83767288bc5e'),
(99,	'Patient Information',	1,	'col s12',	'5,7',	'',	0,	1,	0,	0,	NULL,	NULL,	0,	0,	0,	NULL,	'206b2dbe-ecc9-490b-b81b-83767288bc5e'),
(100,	'Appointment Information',	1,	'col s12',	'5,7,9,4',	'10',	1,	1,	0,	0,	NULL,	NULL,	0,	0,	0,	NULL,	'206b2dbe-ecc9-490b-b81b-83767288bc5e'),
(104,	'Form1 -copy',	2,	'col s12',	NULL,	NULL,	0,	1,	0,	0,	NULL,	NULL,	0,	0,	0,	NULL,	'206b2dbe-ecc9-490b-b81b-83767288bc5e'),
(106,	'Sales',	2,	'col s12',	'2,27,26,28',	'',	0,	1,	0,	0,	NULL,	NULL,	0,	1,	0,	NULL,	'206b2dbe-ecc9-490b-b81b-83767288bc5e'),
(108,	'Employee Salary',	1,	'col s12',	'2,26,27,28',	'',	0,	1,	0,	0,	NULL,	NULL,	0,	0,	0,	NULL,	'206b2dbe-ecc9-490b-b81b-83767288bc5e'),
(109,	'Creator Test',	1,	'col s12',	'27',	'',	0,	1,	0,	0,	NULL,	NULL,	0,	0,	0,	NULL,	'206b2dbe-ecc9-490b-b81b-83767288bc5e'),
(110,	'Testing Master DIsplay',	1,	'col s12',	'',	'',	1,	1,	0,	0,	NULL,	NULL,	0,	0,	0,	NULL,	'206b2dbe-ecc9-490b-b81b-83767288bc5e'),
(111,	'Master without Ques',	1,	'col s12',	'9,5',	'7',	1,	1,	0,	0,	6,	NULL,	0,	0,	0,	NULL,	'206b2dbe-ecc9-490b-b81b-83767288bc5e'),
(112,	'Testing Forms',	2,	'col s12',	'2,5,26',	'12',	1,	1,	0,	0,	NULL,	NULL,	0,	0,	0,	NULL,	'206b2dbe-ecc9-490b-b81b-83767288bc5e'),
(113,	'Testing Forms  2-copy',	2,	'col s12',	'2,5,26',	'12',	1,	1,	0,	0,	NULL,	NULL,	0,	0,	0,	NULL,	'206b2dbe-ecc9-490b-b81b-83767288bc5e'),
(114,	'Testing Forms 2-copy',	2,	'col s12',	'2,5,26',	'12',	1,	1,	0,	0,	NULL,	NULL,	0,	0,	0,	NULL,	'206b2dbe-ecc9-490b-b81b-83767288bc5e');

DROP TABLE IF EXISTS `form_default_fields`;
CREATE TABLE `form_default_fields` (
  `id` int(11) NOT NULL AUTO_INCREMENT,
  `form_id` int(11) NOT NULL,
  `default_field_id` int(11) NOT NULL,
  `master_id` int(11) NOT NULL,
  `is_required` tinyint(1) NOT NULL DEFAULT '0',
  `secret` varchar(255) NOT NULL,
  PRIMARY KEY (`id`),
  KEY `form_id` (`form_id`),
  KEY `default_field_id` (`default_field_id`),
  KEY `master_id` (`master_id`),
  CONSTRAINT `form_default_fields_ibfk_5` FOREIGN KEY (`form_id`) REFERENCES `forms` (`id`) ON DELETE CASCADE ON UPDATE CASCADE,
  CONSTRAINT `form_default_fields_ibfk_6` FOREIGN KEY (`default_field_id`) REFERENCES `default_fields` (`id`) ON DELETE CASCADE ON UPDATE CASCADE,
  CONSTRAINT `form_default_fields_ibfk_8` FOREIGN KEY (`master_id`) REFERENCES `master` (`id`) ON DELETE CASCADE ON UPDATE CASCADE
) ENGINE=InnoDB DEFAULT CHARSET=latin1;

INSERT INTO `form_default_fields` (`id`, `form_id`, `default_field_id`, `master_id`, `is_required`, `secret`) VALUES
(33,	44,	37,	15,	0,	'206b2dbe-ecc9-490b-b81b-83767288bc5e'),
(34,	44,	36,	15,	0,	'206b2dbe-ecc9-490b-b81b-83767288bc5e'),
(35,	44,	38,	15,	0,	'206b2dbe-ecc9-490b-b81b-83767288bc5e'),
(41,	79,	22,	7,	0,	'206b2dbe-ecc9-490b-b81b-83767288bc5e'),
(42,	79,	21,	7,	0,	'206b2dbe-ecc9-490b-b81b-83767288bc5e'),
(43,	81,	36,	15,	0,	'206b2dbe-ecc9-490b-b81b-83767288bc5e'),
(44,	81,	37,	15,	0,	'206b2dbe-ecc9-490b-b81b-83767288bc5e'),
(45,	81,	38,	15,	0,	'206b2dbe-ecc9-490b-b81b-83767288bc5e'),
(46,	47,	12,	4,	0,	'206b2dbe-ecc9-490b-b81b-83767288bc5e'),
(47,	47,	13,	4,	0,	'206b2dbe-ecc9-490b-b81b-83767288bc5e'),
(48,	89,	24,	9,	0,	'206b2dbe-ecc9-490b-b81b-83767288bc5e'),
(49,	89,	25,	9,	0,	'206b2dbe-ecc9-490b-b81b-83767288bc5e'),
(62,	104,	38,	15,	0,	'206b2dbe-ecc9-490b-b81b-83767288bc5e'),
(63,	104,	38,	15,	0,	'206b2dbe-ecc9-490b-b81b-83767288bc5e'),
(64,	104,	38,	15,	0,	'206b2dbe-ecc9-490b-b81b-83767288bc5e'),
(67,	109,	42,	18,	0,	'206b2dbe-ecc9-490b-b81b-83767288bc5e'),
(68,	109,	43,	18,	0,	'206b2dbe-ecc9-490b-b81b-83767288bc5e'),
(69,	111,	19,	6,	0,	'206b2dbe-ecc9-490b-b81b-83767288bc5e'),
(70,	111,	45,	6,	0,	'206b2dbe-ecc9-490b-b81b-83767288bc5e'),
(71,	112,	24,	9,	0,	'206b2dbe-ecc9-490b-b81b-83767288bc5e'),
(72,	112,	25,	9,	0,	'206b2dbe-ecc9-490b-b81b-83767288bc5e'),
(73,	113,	25,	9,	0,	'206b2dbe-ecc9-490b-b81b-83767288bc5e'),
(74,	113,	25,	9,	0,	'206b2dbe-ecc9-490b-b81b-83767288bc5e'),
(75,	114,	25,	9,	0,	'206b2dbe-ecc9-490b-b81b-83767288bc5e'),
(76,	114,	25,	9,	0,	'206b2dbe-ecc9-490b-b81b-83767288bc5e');

DROP TABLE IF EXISTS `form_fields`;
CREATE TABLE `form_fields` (
  `id` int(11) NOT NULL AUTO_INCREMENT,
  `form_id` int(11) NOT NULL,
  `field_id` int(11) NOT NULL,
  `is_required` tinyint(1) NOT NULL,
  `is_multiple` tinyint(1) NOT NULL DEFAULT '0',
  `seq` tinyint(1) DEFAULT '0',
  `default_value` varchar(50) DEFAULT NULL,
  `is_formula` tinyint(1) DEFAULT NULL,
  `secret` varchar(255) NOT NULL,
  PRIMARY KEY (`id`),
  KEY `form_id` (`form_id`),
  KEY `field_id` (`field_id`),
  CONSTRAINT `form_fields_ibfk_3` FOREIGN KEY (`form_id`) REFERENCES `forms` (`id`) ON DELETE CASCADE ON UPDATE CASCADE,
  CONSTRAINT `form_fields_ibfk_4` FOREIGN KEY (`field_id`) REFERENCES `fields` (`id`) ON DELETE CASCADE ON UPDATE CASCADE
) ENGINE=InnoDB DEFAULT CHARSET=latin1;

INSERT INTO `form_fields` (`id`, `form_id`, `field_id`, `is_required`, `is_multiple`, `seq`, `default_value`, `is_formula`, `secret`) VALUES
(122,	44,	145,	1,	0,	1,	NULL,	0,	'206b2dbe-ecc9-490b-b81b-83767288bc5e'),
(123,	44,	143,	1,	0,	0,	NULL,	0,	'206b2dbe-ecc9-490b-b81b-83767288bc5e'),
(124,	44,	144,	1,	0,	2,	NULL,	0,	'206b2dbe-ecc9-490b-b81b-83767288bc5e'),
(125,	44,	147,	1,	0,	4,	NULL,	0,	'206b2dbe-ecc9-490b-b81b-83767288bc5e'),
(126,	44,	146,	1,	0,	3,	NULL,	0,	'206b2dbe-ecc9-490b-b81b-83767288bc5e'),
(130,	44,	152,	1,	0,	1,	NULL,	0,	'206b2dbe-ecc9-490b-b81b-83767288bc5e'),
(131,	44,	151,	0,	0,	0,	NULL,	0,	'206b2dbe-ecc9-490b-b81b-83767288bc5e'),
(132,	44,	153,	1,	0,	2,	NULL,	0,	'206b2dbe-ecc9-490b-b81b-83767288bc5e'),
(134,	44,	154,	1,	0,	3,	NULL,	0,	'206b2dbe-ecc9-490b-b81b-83767288bc5e'),
(135,	44,	156,	0,	0,	0,	NULL,	0,	'206b2dbe-ecc9-490b-b81b-83767288bc5e'),
(136,	44,	157,	1,	0,	1,	NULL,	0,	'206b2dbe-ecc9-490b-b81b-83767288bc5e'),
(137,	47,	163,	0,	0,	1,	NULL,	0,	'206b2dbe-ecc9-490b-b81b-83767288bc5e'),
(138,	47,	162,	0,	0,	0,	NULL,	0,	'206b2dbe-ecc9-490b-b81b-83767288bc5e'),
(146,	52,	173,	1,	0,	0,	NULL,	0,	'206b2dbe-ecc9-490b-b81b-83767288bc5e'),
(147,	52,	174,	1,	0,	1,	NULL,	0,	'206b2dbe-ecc9-490b-b81b-83767288bc5e'),
(148,	52,	175,	1,	0,	2,	NULL,	0,	'206b2dbe-ecc9-490b-b81b-83767288bc5e'),
(149,	52,	177,	1,	1,	4,	NULL,	0,	'206b2dbe-ecc9-490b-b81b-83767288bc5e'),
(151,	52,	176,	1,	0,	3,	NULL,	0,	'206b2dbe-ecc9-490b-b81b-83767288bc5e'),
(152,	52,	179,	0,	0,	0,	NULL,	0,	'206b2dbe-ecc9-490b-b81b-83767288bc5e'),
(154,	44,	181,	0,	1,	0,	NULL,	0,	'206b2dbe-ecc9-490b-b81b-83767288bc5e'),
(184,	79,	250,	0,	0,	0,	NULL,	0,	'206b2dbe-ecc9-490b-b81b-83767288bc5e'),
(185,	79,	252,	0,	0,	2,	NULL,	0,	'206b2dbe-ecc9-490b-b81b-83767288bc5e'),
(186,	79,	251,	0,	0,	1,	NULL,	0,	'206b2dbe-ecc9-490b-b81b-83767288bc5e'),
(193,	81,	258,	1,	0,	0,	NULL,	0,	'206b2dbe-ecc9-490b-b81b-83767288bc5e'),
(194,	81,	260,	1,	0,	1,	NULL,	0,	'206b2dbe-ecc9-490b-b81b-83767288bc5e'),
(196,	81,	261,	0,	0,	4,	NULL,	0,	'206b2dbe-ecc9-490b-b81b-83767288bc5e'),
(197,	81,	259,	1,	1,	5,	NULL,	0,	'206b2dbe-ecc9-490b-b81b-83767288bc5e'),
(198,	81,	264,	1,	0,	0,	'2019-04-11T18:30:00.000Z',	0,	'206b2dbe-ecc9-490b-b81b-83767288bc5e'),
(199,	81,	265,	1,	0,	3,	NULL,	0,	'206b2dbe-ecc9-490b-b81b-83767288bc5e'),
(200,	81,	266,	1,	0,	2,	'1',	0,	'206b2dbe-ecc9-490b-b81b-83767288bc5e'),
(201,	81,	267,	1,	0,	1,	'2019-04-14T18:30:00.000Z',	0,	'206b2dbe-ecc9-490b-b81b-83767288bc5e'),
(214,	88,	282,	0,	0,	0,	NULL,	0,	'206b2dbe-ecc9-490b-b81b-83767288bc5e'),
(215,	88,	283,	0,	0,	1,	NULL,	0,	'206b2dbe-ecc9-490b-b81b-83767288bc5e'),
(216,	88,	285,	0,	0,	2,	NULL,	0,	'206b2dbe-ecc9-490b-b81b-83767288bc5e'),
(217,	88,	284,	0,	0,	3,	'Fail',	0,	'206b2dbe-ecc9-490b-b81b-83767288bc5e'),
(218,	89,	286,	1,	0,	0,	NULL,	0,	'206b2dbe-ecc9-490b-b81b-83767288bc5e'),
(219,	89,	287,	1,	0,	1,	NULL,	0,	'206b2dbe-ecc9-490b-b81b-83767288bc5e'),
(229,	96,	304,	1,	0,	1,	NULL,	0,	'206b2dbe-ecc9-490b-b81b-83767288bc5e'),
(230,	96,	303,	1,	0,	0,	NULL,	0,	'206b2dbe-ecc9-490b-b81b-83767288bc5e'),
(235,	98,	309,	1,	0,	0,	NULL,	0,	'206b2dbe-ecc9-490b-b81b-83767288bc5e'),
(236,	98,	310,	1,	0,	1,	NULL,	0,	'206b2dbe-ecc9-490b-b81b-83767288bc5e'),
(237,	98,	311,	1,	0,	2,	NULL,	0,	'206b2dbe-ecc9-490b-b81b-83767288bc5e'),
(238,	99,	313,	1,	0,	1,	NULL,	0,	'206b2dbe-ecc9-490b-b81b-83767288bc5e'),
(239,	99,	312,	1,	0,	0,	NULL,	0,	'206b2dbe-ecc9-490b-b81b-83767288bc5e'),
(240,	100,	314,	1,	0,	0,	NULL,	0,	'206b2dbe-ecc9-490b-b81b-83767288bc5e'),
(241,	100,	317,	1,	0,	2,	NULL,	0,	'206b2dbe-ecc9-490b-b81b-83767288bc5e'),
(242,	100,	315,	1,	0,	1,	NULL,	0,	'206b2dbe-ecc9-490b-b81b-83767288bc5e'),
(243,	100,	319,	1,	0,	4,	NULL,	0,	'206b2dbe-ecc9-490b-b81b-83767288bc5e'),
(244,	100,	316,	1,	0,	3,	NULL,	0,	'206b2dbe-ecc9-490b-b81b-83767288bc5e'),
(245,	100,	318,	1,	0,	5,	NULL,	0,	'206b2dbe-ecc9-490b-b81b-83767288bc5e'),
(246,	100,	320,	1,	0,	6,	NULL,	0,	'206b2dbe-ecc9-490b-b81b-83767288bc5e'),
(248,	99,	322,	1,	0,	0,	NULL,	0,	'206b2dbe-ecc9-490b-b81b-83767288bc5e'),
(252,	104,	328,	1,	0,	0,	NULL,	0,	'206b2dbe-ecc9-490b-b81b-83767288bc5e'),
(253,	104,	329,	1,	0,	1,	NULL,	0,	'206b2dbe-ecc9-490b-b81b-83767288bc5e'),
(255,	106,	332,	1,	0,	0,	NULL,	0,	'206b2dbe-ecc9-490b-b81b-83767288bc5e'),
(256,	106,	331,	1,	0,	1,	NULL,	0,	'206b2dbe-ecc9-490b-b81b-83767288bc5e'),
(259,	108,	335,	1,	0,	0,	NULL,	0,	'206b2dbe-ecc9-490b-b81b-83767288bc5e'),
(260,	108,	336,	1,	0,	1,	NULL,	0,	'206b2dbe-ecc9-490b-b81b-83767288bc5e'),
(261,	108,	337,	1,	0,	2,	NULL,	0,	'206b2dbe-ecc9-490b-b81b-83767288bc5e'),
(262,	109,	338,	1,	0,	0,	NULL,	0,	'206b2dbe-ecc9-490b-b81b-83767288bc5e'),
(263,	109,	340,	1,	0,	1,	NULL,	0,	'206b2dbe-ecc9-490b-b81b-83767288bc5e'),
(264,	109,	339,	1,	0,	2,	NULL,	0,	'206b2dbe-ecc9-490b-b81b-83767288bc5e'),
(265,	110,	341,	0,	0,	0,	NULL,	0,	'206b2dbe-ecc9-490b-b81b-83767288bc5e'),
(266,	47,	343,	0,	0,	0,	NULL,	0,	'206b2dbe-ecc9-490b-b81b-83767288bc5e'),
(267,	47,	342,	1,	0,	1,	NULL,	0,	'206b2dbe-ecc9-490b-b81b-83767288bc5e'),
(268,	112,	344,	1,	0,	0,	NULL,	0,	'206b2dbe-ecc9-490b-b81b-83767288bc5e'),
(269,	112,	346,	1,	0,	1,	NULL,	0,	'206b2dbe-ecc9-490b-b81b-83767288bc5e'),
(270,	112,	345,	1,	0,	2,	NULL,	0,	'206b2dbe-ecc9-490b-b81b-83767288bc5e'),
(271,	113,	347,	1,	0,	0,	NULL,	0,	'206b2dbe-ecc9-490b-b81b-83767288bc5e'),
(272,	113,	348,	1,	0,	1,	NULL,	0,	'206b2dbe-ecc9-490b-b81b-83767288bc5e'),
(273,	113,	349,	1,	0,	2,	NULL,	0,	'206b2dbe-ecc9-490b-b81b-83767288bc5e'),
(274,	114,	350,	1,	0,	0,	NULL,	0,	'206b2dbe-ecc9-490b-b81b-83767288bc5e'),
(275,	114,	352,	1,	0,	1,	NULL,	0,	'206b2dbe-ecc9-490b-b81b-83767288bc5e'),
(276,	114,	351,	1,	0,	2,	NULL,	0,	'206b2dbe-ecc9-490b-b81b-83767288bc5e'),
(277,	112,	353,	0,	0,	0,	NULL,	0,	'206b2dbe-ecc9-490b-b81b-83767288bc5e');

DROP TABLE IF EXISTS `form_field_datasource`;
CREATE TABLE `form_field_datasource` (
  `id` int(11) NOT NULL AUTO_INCREMENT,
  `form_field_id` int(11) NOT NULL,
  `title` varchar(100) NOT NULL,
  `form_id` int(11) NOT NULL,
  `secret` varchar(255) NOT NULL,
  PRIMARY KEY (`id`),
  KEY `form_field_id` (`form_field_id`),
  KEY `form_id` (`form_id`),
  CONSTRAINT `form_field_datasource_ibfk_3` FOREIGN KEY (`form_field_id`) REFERENCES `form_fields` (`id`) ON DELETE CASCADE ON UPDATE CASCADE,
  CONSTRAINT `form_field_datasource_ibfk_4` FOREIGN KEY (`form_id`) REFERENCES `forms` (`id`) ON DELETE CASCADE ON UPDATE CASCADE
) ENGINE=InnoDB DEFAULT CHARSET=latin1;

INSERT INTO `form_field_datasource` (`id`, `form_field_id`, `title`, `form_id`, `secret`) VALUES
(48,	122,	'Umesh Savani',	44,	'206b2dbe-ecc9-490b-b81b-83767288bc5e'),
(49,	122,	'Vishal Bhut',	44,	'206b2dbe-ecc9-490b-b81b-83767288bc5e'),
(50,	122,	'Shyam Panchal',	44,	'206b2dbe-ecc9-490b-b81b-83767288bc5e'),
(51,	122,	'Pankaj Chavda',	44,	'206b2dbe-ecc9-490b-b81b-83767288bc5e'),
(52,	122,	'Tejal Solanki',	44,	'206b2dbe-ecc9-490b-b81b-83767288bc5e'),
(53,	122,	'Om Talsania',	44,	'206b2dbe-ecc9-490b-b81b-83767288bc5e'),
(54,	122,	'Abhishek Sharma',	44,	'206b2dbe-ecc9-490b-b81b-83767288bc5e'),
(55,	123,	'Business Analyst',	44,	'206b2dbe-ecc9-490b-b81b-83767288bc5e'),
(56,	123,	'Human Resources',	44,	'206b2dbe-ecc9-490b-b81b-83767288bc5e'),
(57,	123,	'Quality Assurance',	44,	'206b2dbe-ecc9-490b-b81b-83767288bc5e'),
(58,	123,	'Management',	44,	'206b2dbe-ecc9-490b-b81b-83767288bc5e'),
(59,	123,	'Development',	44,	'206b2dbe-ecc9-490b-b81b-83767288bc5e'),
(60,	124,	'Sick Leave',	44,	'206b2dbe-ecc9-490b-b81b-83767288bc5e'),
(61,	124,	'Personal Leave',	44,	'206b2dbe-ecc9-490b-b81b-83767288bc5e'),
(62,	124,	'Other',	44,	'206b2dbe-ecc9-490b-b81b-83767288bc5e'),
(63,	132,	'Pending',	44,	'206b2dbe-ecc9-490b-b81b-83767288bc5e'),
(64,	132,	'Approved',	44,	'206b2dbe-ecc9-490b-b81b-83767288bc5e'),
(65,	134,	'Umesh Savani',	44,	'206b2dbe-ecc9-490b-b81b-83767288bc5e'),
(66,	134,	'Shyam Panchal',	44,	'206b2dbe-ecc9-490b-b81b-83767288bc5e'),
(67,	132,	'Rejected',	44,	'206b2dbe-ecc9-490b-b81b-83767288bc5e'),
(68,	134,	'Pankaj Chavda',	44,	'206b2dbe-ecc9-490b-b81b-83767288bc5e'),
(69,	134,	'Vishal Bhut',	44,	'206b2dbe-ecc9-490b-b81b-83767288bc5e'),
(70,	134,	'Abhishek Sharma',	44,	'206b2dbe-ecc9-490b-b81b-83767288bc5e'),
(71,	134,	'Om Talsania',	44,	'206b2dbe-ecc9-490b-b81b-83767288bc5e'),
(72,	134,	'Tejal Solanki',	44,	'206b2dbe-ecc9-490b-b81b-83767288bc5e'),
(89,	146,	'Quality Assurance',	52,	'206b2dbe-ecc9-490b-b81b-83767288bc5e'),
(90,	146,	'Business Anyalist',	52,	'206b2dbe-ecc9-490b-b81b-83767288bc5e'),
(91,	146,	'Human Resources',	52,	'206b2dbe-ecc9-490b-b81b-83767288bc5e'),
(92,	146,	'Management',	52,	'206b2dbe-ecc9-490b-b81b-83767288bc5e'),
(93,	147,	'Umesh Savani',	52,	'206b2dbe-ecc9-490b-b81b-83767288bc5e'),
(94,	147,	'Shyam Panchal',	52,	'206b2dbe-ecc9-490b-b81b-83767288bc5e'),
(95,	147,	'Pankaj Chavda',	52,	'206b2dbe-ecc9-490b-b81b-83767288bc5e'),
(96,	147,	'Vishal Bhut',	52,	'206b2dbe-ecc9-490b-b81b-83767288bc5e'),
(97,	147,	'Tejal Solanki',	52,	'206b2dbe-ecc9-490b-b81b-83767288bc5e'),
(98,	147,	'Om Talsania',	52,	'206b2dbe-ecc9-490b-b81b-83767288bc5e'),
(99,	151,	'Vision Centric',	52,	'206b2dbe-ecc9-490b-b81b-83767288bc5e'),
(100,	151,	'PERFEQTA',	52,	'206b2dbe-ecc9-490b-b81b-83767288bc5e'),
(101,	151,	'BizForms',	52,	'206b2dbe-ecc9-490b-b81b-83767288bc5e'),
(102,	151,	'Myra The Boutique',	52,	'206b2dbe-ecc9-490b-b81b-83767288bc5e'),
(103,	151,	'eStore',	52,	'206b2dbe-ecc9-490b-b81b-83767288bc5e'),
(104,	151,	'WeSuite',	52,	'206b2dbe-ecc9-490b-b81b-83767288bc5e'),
(155,	193,	'Umesh Savani',	81,	'206b2dbe-ecc9-490b-b81b-83767288bc5e'),
(156,	193,	'Vishal Bhut',	81,	'206b2dbe-ecc9-490b-b81b-83767288bc5e'),
(157,	193,	'Om Talsania',	81,	'206b2dbe-ecc9-490b-b81b-83767288bc5e'),
(158,	194,	'QA',	81,	'206b2dbe-ecc9-490b-b81b-83767288bc5e'),
(159,	194,	'HR',	81,	'206b2dbe-ecc9-490b-b81b-83767288bc5e'),
(160,	194,	'BA',	81,	'206b2dbe-ecc9-490b-b81b-83767288bc5e'),
(161,	194,	'Dev',	81,	'206b2dbe-ecc9-490b-b81b-83767288bc5e'),
(168,	229,	'MSC',	96,	'206b2dbe-ecc9-490b-b81b-83767288bc5e'),
(169,	229,	'ICT',	96,	'206b2dbe-ecc9-490b-b81b-83767288bc5e'),
(170,	229,	'MBA',	96,	'206b2dbe-ecc9-490b-b81b-83767288bc5e'),
(171,	229,	'COMPUTER ENG',	96,	'206b2dbe-ecc9-490b-b81b-83767288bc5e'),
(190,	236,	'Surgeon Specialist',	98,	'206b2dbe-ecc9-490b-b81b-83767288bc5e'),
(191,	236,	'Homeopathic skin specialist',	98,	'206b2dbe-ecc9-490b-b81b-83767288bc5e'),
(192,	236,	'Physician',	98,	'206b2dbe-ecc9-490b-b81b-83767288bc5e'),
(193,	236,	'Physiologist',	98,	'206b2dbe-ecc9-490b-b81b-83767288bc5e'),
(194,	236,	'Cardiologist',	98,	'206b2dbe-ecc9-490b-b81b-83767288bc5e'),
(195,	236,	'ENT Specialist',	98,	'206b2dbe-ecc9-490b-b81b-83767288bc5e'),
(196,	236,	'Cardiologist',	98,	'206b2dbe-ecc9-490b-b81b-83767288bc5e'),
(197,	236,	'Physician',	98,	'206b2dbe-ecc9-490b-b81b-83767288bc5e'),
(198,	236,	'Surgeon Specialist',	98,	'206b2dbe-ecc9-490b-b81b-83767288bc5e'),
(199,	236,	'Physiologist',	98,	'206b2dbe-ecc9-490b-b81b-83767288bc5e'),
(200,	236,	'Homeopathic skin specialist',	98,	'206b2dbe-ecc9-490b-b81b-83767288bc5e'),
(201,	236,	'ENT Specialist',	98,	'206b2dbe-ecc9-490b-b81b-83767288bc5e'),
(202,	237,	'0-5 Years',	98,	'206b2dbe-ecc9-490b-b81b-83767288bc5e'),
(203,	237,	'5-10 Years',	98,	'206b2dbe-ecc9-490b-b81b-83767288bc5e'),
(204,	237,	'More than 10 Years',	98,	'206b2dbe-ecc9-490b-b81b-83767288bc5e'),
(205,	237,	'0-5 Years',	98,	'206b2dbe-ecc9-490b-b81b-83767288bc5e'),
(206,	237,	'5-10 Years',	98,	'206b2dbe-ecc9-490b-b81b-83767288bc5e'),
(207,	237,	'More than 10 Years',	98,	'206b2dbe-ecc9-490b-b81b-83767288bc5e'),
(208,	241,	'Vasudev Prajapat (Physician)',	100,	'206b2dbe-ecc9-490b-b81b-83767288bc5e'),
(209,	241,	'Honney Mistry (Cardiologist)',	100,	'206b2dbe-ecc9-490b-b81b-83767288bc5e'),
(210,	241,	'Dipali Shah (Surgeon Specialist)',	100,	'206b2dbe-ecc9-490b-b81b-83767288bc5e'),
(211,	241,	'Akash Sharma (ENT Specialist)',	100,	'206b2dbe-ecc9-490b-b81b-83767288bc5e'),
(212,	241,	'Jahanvi Patel (Homeopathic skin specialist)',	100,	'206b2dbe-ecc9-490b-b81b-83767288bc5e'),
(213,	241,	'Yash Shah (Physiologist)',	100,	'206b2dbe-ecc9-490b-b81b-83767288bc5e'),
(214,	241,	'Vasudev Prajapat (Physician)',	100,	'206b2dbe-ecc9-490b-b81b-83767288bc5e'),
(215,	241,	'Honney Mistry (Cardiologist)',	100,	'206b2dbe-ecc9-490b-b81b-83767288bc5e'),
(216,	241,	'Yash Shah (Physiologist)',	100,	'206b2dbe-ecc9-490b-b81b-83767288bc5e'),
(217,	241,	'Dipali Shah (Surgeon Specialist)',	100,	'206b2dbe-ecc9-490b-b81b-83767288bc5e'),
(218,	241,	'Jahanvi Patel (Homeopathic skin specialist)',	100,	'206b2dbe-ecc9-490b-b81b-83767288bc5e'),
(219,	241,	'Akash Sharma (ENT Specialist)',	100,	'206b2dbe-ecc9-490b-b81b-83767288bc5e'),
(220,	246,	'Male',	100,	'206b2dbe-ecc9-490b-b81b-83767288bc5e'),
(221,	246,	'Female',	100,	'206b2dbe-ecc9-490b-b81b-83767288bc5e'),
(222,	248,	'A+ve',	99,	'206b2dbe-ecc9-490b-b81b-83767288bc5e'),
(223,	248,	'B+ve',	99,	'206b2dbe-ecc9-490b-b81b-83767288bc5e'),
(224,	248,	'B-ve',	99,	'206b2dbe-ecc9-490b-b81b-83767288bc5e'),
(225,	248,	'A-ve',	99,	'206b2dbe-ecc9-490b-b81b-83767288bc5e'),
(226,	248,	'O+ve',	99,	'206b2dbe-ecc9-490b-b81b-83767288bc5e'),
(227,	248,	'O-ve',	99,	'206b2dbe-ecc9-490b-b81b-83767288bc5e'),
(228,	248,	'AB+ve',	99,	'206b2dbe-ecc9-490b-b81b-83767288bc5e');

DROP TABLE IF EXISTS `form_formulas`;
CREATE TABLE `form_formulas` (
  `id` int(11) NOT NULL AUTO_INCREMENT,
  `form_id` int(11) NOT NULL,
  `form_field_id` int(11) NOT NULL,
  `question` varchar(50) DEFAULT NULL,
  `formulasing` varchar(10) DEFAULT NULL,
  `type` tinyint(1) DEFAULT '0',
  `value` varchar(50) DEFAULT NULL,
  `operator` varchar(10) DEFAULT NULL,
  `secret` varchar(255) NOT NULL,
  PRIMARY KEY (`id`),
  KEY `form_id` (`form_id`),
  KEY `form_field_id` (`form_field_id`),
  CONSTRAINT `form_formulas_ibfk_3` FOREIGN KEY (`form_id`) REFERENCES `forms` (`id`) ON DELETE CASCADE ON UPDATE CASCADE,
  CONSTRAINT `form_formulas_ibfk_4` FOREIGN KEY (`form_field_id`) REFERENCES `form_fields` (`id`) ON DELETE CASCADE ON UPDATE CASCADE
) ENGINE=InnoDB DEFAULT CHARSET=latin1;


DROP TABLE IF EXISTS `master`;
CREATE TABLE `master` (
  `id` int(11) NOT NULL AUTO_INCREMENT,
  `title` varchar(50) NOT NULL,
  `description` varchar(100) NOT NULL DEFAULT '',
  `parentMaster` int(11) DEFAULT NULL,
  `parentMasterDisplayField` int(11) DEFAULT NULL,
  `secret` varchar(255) NOT NULL,
  PRIMARY KEY (`id`),
  KEY `parentMasterDisplayField` (`parentMasterDisplayField`),
  CONSTRAINT `master_ibfk_3` FOREIGN KEY (`parentMasterDisplayField`) REFERENCES `default_fields` (`id`) ON DELETE SET NULL ON UPDATE CASCADE
) ENGINE=InnoDB DEFAULT CHARSET=latin1;

INSERT INTO `master` (`id`, `title`, `description`, `parentMaster`, `parentMasterDisplayField`, `secret`) VALUES
(4,	'Country',	'',	0,	NULL,	'206b2dbe-ecc9-490b-b81b-83767288bc5e'),
(5,	'State',	'',	4,	13,	'206b2dbe-ecc9-490b-b81b-83767288bc5e'),
(6,	'City',	'des demo',	5,	17,	'206b2dbe-ecc9-490b-b81b-83767288bc5e'),
(7,	'Student DB',	'',	NULL,	NULL,	'206b2dbe-ecc9-490b-b81b-83767288bc5e'),
(8,	'Blood Master',	'',	NULL,	NULL,	'206b2dbe-ecc9-490b-b81b-83767288bc5e'),
(9,	'Company',	'Company\'s Details',	NULL,	NULL,	'206b2dbe-ecc9-490b-b81b-83767288bc5e'),
(15,	'Employee Master',	'',	NULL,	NULL,	'206b2dbe-ecc9-490b-b81b-83767288bc5e'),
(16,	'Test Master',	'',	7,	21,	'206b2dbe-ecc9-490b-b81b-83767288bc5e'),
(17,	'Blood Master',	'',	NULL,	NULL,	'206b2dbe-ecc9-490b-b81b-83767288bc5e'),
(18,	'Area/Location',	'Location details',	NULL,	NULL,	'206b2dbe-ecc9-490b-b81b-83767288bc5e'),
(19,	'state1',	'',	NULL,	NULL,	'206b2dbe-ecc9-490b-b81b-83767288bc5e'),
(20,	'Edit Entry Test',	'',	0,	NULL,	'206b2dbe-ecc9-490b-b81b-83767288bc5e');

DROP TABLE IF EXISTS `master_entries`;
CREATE TABLE `master_entries` (
  `id` int(11) NOT NULL AUTO_INCREMENT,
  `master_id` int(11) NOT NULL,
  `display_id` int(11) DEFAULT NULL,
  `timestamp` timestamp NULL DEFAULT CURRENT_TIMESTAMP,
  `secret` varchar(255) NOT NULL,
  PRIMARY KEY (`id`),
  KEY `master_id` (`master_id`),
  CONSTRAINT `master_entries_ibfk_2` FOREIGN KEY (`master_id`) REFERENCES `master` (`id`) ON DELETE CASCADE ON UPDATE CASCADE
) ENGINE=InnoDB DEFAULT CHARSET=latin1;

INSERT INTO `master_entries` (`id`, `master_id`, `display_id`, `timestamp`, `secret`) VALUES
(1,	4,	1,	'2018-10-09 09:16:40',	'206b2dbe-ecc9-490b-b81b-83767288bc5e'),
(2,	4,	2,	'2018-10-09 09:56:15',	'206b2dbe-ecc9-490b-b81b-83767288bc5e'),
(3,	4,	3,	'2018-10-09 09:56:55',	'206b2dbe-ecc9-490b-b81b-83767288bc5e'),
(4,	5,	4,	'2018-10-09 10:39:02',	'206b2dbe-ecc9-490b-b81b-83767288bc5e'),
(5,	5,	5,	'2018-10-09 10:39:26',	'206b2dbe-ecc9-490b-b81b-83767288bc5e'),
(6,	6,	6,	'2018-10-09 10:42:11',	'206b2dbe-ecc9-490b-b81b-83767288bc5e'),
(7,	6,	7,	'2018-10-09 10:42:38',	'206b2dbe-ecc9-490b-b81b-83767288bc5e'),
(8,	6,	8,	'2018-10-09 11:57:49',	'206b2dbe-ecc9-490b-b81b-83767288bc5e'),
(11,	7,	NULL,	'2019-02-22 07:36:33',	'206b2dbe-ecc9-490b-b81b-83767288bc5e'),
(15,	5,	NULL,	'2019-02-25 07:03:53',	'206b2dbe-ecc9-490b-b81b-83767288bc5e'),
(16,	8,	14,	'2019-02-25 07:52:57',	'206b2dbe-ecc9-490b-b81b-83767288bc5e'),
(17,	9,	15,	'2019-03-01 11:35:39',	'206b2dbe-ecc9-490b-b81b-83767288bc5e'),
(18,	7,	14,	'2019-03-13 13:11:47',	'206b2dbe-ecc9-490b-b81b-83767288bc5e'),
(29,	6,	24,	'2019-03-14 15:28:26',	'206b2dbe-ecc9-490b-b81b-83767288bc5e'),
(31,	5,	NULL,	'2019-03-15 10:52:32',	'206b2dbe-ecc9-490b-b81b-83767288bc5e'),
(32,	15,	22,	'2019-03-19 11:24:17',	'206b2dbe-ecc9-490b-b81b-83767288bc5e'),
(34,	15,	24,	'2019-03-19 12:39:42',	'206b2dbe-ecc9-490b-b81b-83767288bc5e'),
(35,	15,	25,	'2019-03-19 12:40:04',	'206b2dbe-ecc9-490b-b81b-83767288bc5e'),
(36,	15,	26,	'2019-03-19 12:40:29',	'206b2dbe-ecc9-490b-b81b-83767288bc5e'),
(37,	15,	27,	'2019-03-19 12:41:01',	'206b2dbe-ecc9-490b-b81b-83767288bc5e'),
(38,	15,	28,	'2019-03-19 13:01:33',	'206b2dbe-ecc9-490b-b81b-83767288bc5e'),
(39,	15,	NULL,	'2019-03-20 07:02:07',	'206b2dbe-ecc9-490b-b81b-83767288bc5e'),
(40,	15,	NULL,	'2019-03-20 07:16:10',	'206b2dbe-ecc9-490b-b81b-83767288bc5e'),
(41,	9,	28,	'2019-03-25 12:51:04',	'206b2dbe-ecc9-490b-b81b-83767288bc5e'),
(42,	15,	29,	'2019-03-29 11:46:34',	'206b2dbe-ecc9-490b-b81b-83767288bc5e'),
(43,	15,	28,	'2019-04-12 08:39:46',	'206b2dbe-ecc9-490b-b81b-83767288bc5e'),
(44,	15,	NULL,	'2019-04-12 11:40:33',	'206b2dbe-ecc9-490b-b81b-83767288bc5e'),
(45,	9,	28,	'2019-04-18 09:01:26',	'206b2dbe-ecc9-490b-b81b-83767288bc5e'),
(46,	15,	NULL,	'2019-04-18 13:50:04',	'206b2dbe-ecc9-490b-b81b-83767288bc5e'),
(47,	15,	NULL,	'2019-04-18 13:50:04',	'206b2dbe-ecc9-490b-b81b-83767288bc5e'),
(48,	15,	NULL,	'2019-04-18 13:50:04',	'206b2dbe-ecc9-490b-b81b-83767288bc5e'),
(49,	16,	32,	'2019-04-30 13:02:31',	'206b2dbe-ecc9-490b-b81b-83767288bc5e'),
(50,	16,	33,	'2019-04-30 13:03:00',	'206b2dbe-ecc9-490b-b81b-83767288bc5e'),
(51,	18,	34,	'2019-05-01 09:02:01',	'206b2dbe-ecc9-490b-b81b-83767288bc5e'),
(52,	18,	35,	'2019-05-01 09:02:41',	'206b2dbe-ecc9-490b-b81b-83767288bc5e'),
(53,	9,	36,	'2019-05-01 14:29:18',	'206b2dbe-ecc9-490b-b81b-83767288bc5e'),
(54,	20,	37,	'2019-05-03 08:02:03',	'206b2dbe-ecc9-490b-b81b-83767288bc5e'),
(55,	20,	38,	'2019-05-03 08:02:19',	'206b2dbe-ecc9-490b-b81b-83767288bc5e'),
(56,	20,	39,	'2019-05-03 08:02:41',	'206b2dbe-ecc9-490b-b81b-83767288bc5e'),
(57,	20,	40,	'2019-05-03 08:03:37',	'206b2dbe-ecc9-490b-b81b-83767288bc5e'),
(58,	20,	41,	'2019-05-03 08:04:13',	'206b2dbe-ecc9-490b-b81b-83767288bc5e');

DROP TABLE IF EXISTS `master_entry_values`;
CREATE TABLE `master_entry_values` (
  `id` int(11) NOT NULL AUTO_INCREMENT,
  `master_id` int(11) NOT NULL,
  `master_entry_id` int(11) NOT NULL,
  `default_field_id` int(11) NOT NULL,
  `master_entry_value` text,
  `master_entry_version_id` int(11) DEFAULT NULL,
  `secret` varchar(255) NOT NULL,
  PRIMARY KEY (`id`),
  KEY `master_id` (`master_id`),
  KEY `master_entry_id` (`master_entry_id`),
  KEY `master_entry_version_id` (`master_entry_version_id`),
  KEY `default_field_id` (`default_field_id`),
  CONSTRAINT `master_entry_values_ibfk_5` FOREIGN KEY (`master_id`) REFERENCES `master` (`id`) ON DELETE CASCADE ON UPDATE CASCADE,
  CONSTRAINT `master_entry_values_ibfk_6` FOREIGN KEY (`master_entry_id`) REFERENCES `master_entries` (`id`) ON DELETE CASCADE ON UPDATE CASCADE,
  CONSTRAINT `master_entry_values_ibfk_7` FOREIGN KEY (`master_entry_version_id`) REFERENCES `master_entry_versions` (`id`) ON DELETE CASCADE ON UPDATE CASCADE,
  CONSTRAINT `master_entry_values_ibfk_8` FOREIGN KEY (`default_field_id`) REFERENCES `default_fields` (`id`) ON DELETE CASCADE ON UPDATE CASCADE
) ENGINE=InnoDB DEFAULT CHARSET=latin1;

INSERT INTO `master_entry_values` (`id`, `master_id`, `master_entry_id`, `default_field_id`, `master_entry_value`, `master_entry_version_id`, `secret`) VALUES
(1,	4,	1,	12,	'india',	1,	'206b2dbe-ecc9-490b-b81b-83767288bc5e'),
(2,	4,	1,	13,	'1001',	1,	'206b2dbe-ecc9-490b-b81b-83767288bc5e'),
(3,	4,	2,	12,	'japan',	2,	'206b2dbe-ecc9-490b-b81b-83767288bc5e'),
(4,	4,	2,	13,	'1002',	2,	'206b2dbe-ecc9-490b-b81b-83767288bc5e'),
(5,	4,	3,	12,	'Dubai',	3,	'206b2dbe-ecc9-490b-b81b-83767288bc5e'),
(6,	4,	3,	13,	'1003',	3,	'206b2dbe-ecc9-490b-b81b-83767288bc5e'),
(7,	5,	4,	14,	'1',	4,	'206b2dbe-ecc9-490b-b81b-83767288bc5e'),
(8,	5,	4,	15,	'0',	4,	'206b2dbe-ecc9-490b-b81b-83767288bc5e'),
(9,	5,	4,	16,	'1',	4,	'206b2dbe-ecc9-490b-b81b-83767288bc5e'),
(10,	5,	4,	17,	'Gujrat',	4,	'206b2dbe-ecc9-490b-b81b-83767288bc5e'),
(11,	5,	5,	14,	'2',	5,	'206b2dbe-ecc9-490b-b81b-83767288bc5e'),
(12,	5,	5,	15,	'1',	5,	'206b2dbe-ecc9-490b-b81b-83767288bc5e'),
(13,	5,	5,	17,	'tokiyo',	5,	'206b2dbe-ecc9-490b-b81b-83767288bc5e'),
(14,	5,	5,	16,	'2',	5,	'206b2dbe-ecc9-490b-b81b-83767288bc5e'),
(15,	5,	5,	14,	'2',	6,	'206b2dbe-ecc9-490b-b81b-83767288bc5e'),
(16,	5,	5,	17,	'tokiyo',	6,	'206b2dbe-ecc9-490b-b81b-83767288bc5e'),
(17,	5,	5,	15,	'1',	6,	'206b2dbe-ecc9-490b-b81b-83767288bc5e'),
(18,	5,	5,	16,	'3',	6,	'206b2dbe-ecc9-490b-b81b-83767288bc5e'),
(19,	6,	6,	18,	'1',	7,	'206b2dbe-ecc9-490b-b81b-83767288bc5e'),
(21,	6,	6,	19,	'ahmedabad',	7,	'206b2dbe-ecc9-490b-b81b-83767288bc5e'),
(22,	6,	7,	18,	'2',	8,	'206b2dbe-ecc9-490b-b81b-83767288bc5e'),
(23,	6,	7,	19,	'Hokido',	8,	'206b2dbe-ecc9-490b-b81b-83767288bc5e'),
(25,	6,	8,	18,	'3',	9,	'206b2dbe-ecc9-490b-b81b-83767288bc5e'),
(26,	6,	8,	19,	'Abu Dhabi',	9,	'206b2dbe-ecc9-490b-b81b-83767288bc5e'),
(34,	4,	1,	12,	'India',	14,	'206b2dbe-ecc9-490b-b81b-83767288bc5e'),
(35,	4,	1,	13,	'1001',	14,	'206b2dbe-ecc9-490b-b81b-83767288bc5e'),
(36,	4,	2,	13,	'1002',	15,	'206b2dbe-ecc9-490b-b81b-83767288bc5e'),
(37,	4,	2,	12,	'Japan',	15,	'206b2dbe-ecc9-490b-b81b-83767288bc5e'),
(41,	8,	16,	23,	NULL,	19,	'206b2dbe-ecc9-490b-b81b-83767288bc5e'),
(42,	9,	17,	24,	'PROT',	20,	'206b2dbe-ecc9-490b-b81b-83767288bc5e'),
(43,	9,	17,	25,	'ISCKON',	20,	'206b2dbe-ecc9-490b-b81b-83767288bc5e'),
(44,	7,	18,	21,	'Akashq',	21,	'206b2dbe-ecc9-490b-b81b-83767288bc5e'),
(45,	7,	18,	22,	'PDPU',	21,	'206b2dbe-ecc9-490b-b81b-83767288bc5e'),
(66,	6,	29,	18,	'28',	32,	'206b2dbe-ecc9-490b-b81b-83767288bc5e'),
(67,	6,	29,	19,	NULL,	32,	'206b2dbe-ecc9-490b-b81b-83767288bc5e'),
(71,	5,	31,	17,	'guj',	34,	'206b2dbe-ecc9-490b-b81b-83767288bc5e'),
(72,	15,	32,	36,	'1',	35,	'206b2dbe-ecc9-490b-b81b-83767288bc5e'),
(73,	15,	32,	37,	'yash@yopmail.com',	35,	'206b2dbe-ecc9-490b-b81b-83767288bc5e'),
(74,	15,	32,	38,	'Yash Shah',	35,	'206b2dbe-ecc9-490b-b81b-83767288bc5e'),
(77,	15,	34,	36,	'2',	37,	'206b2dbe-ecc9-490b-b81b-83767288bc5e'),
(78,	15,	34,	37,	'dipali@yopmail.com',	37,	'206b2dbe-ecc9-490b-b81b-83767288bc5e'),
(79,	15,	34,	38,	'Dipali Shah',	37,	'206b2dbe-ecc9-490b-b81b-83767288bc5e'),
(80,	15,	35,	37,	'akash@yopmail.com',	38,	'206b2dbe-ecc9-490b-b81b-83767288bc5e'),
(81,	15,	35,	36,	'3',	38,	'206b2dbe-ecc9-490b-b81b-83767288bc5e'),
(82,	15,	35,	38,	'Akash Sharma',	38,	'206b2dbe-ecc9-490b-b81b-83767288bc5e'),
(83,	15,	36,	36,	'4',	39,	'206b2dbe-ecc9-490b-b81b-83767288bc5e'),
(84,	15,	36,	37,	'vasudev@yopmail.com',	39,	'206b2dbe-ecc9-490b-b81b-83767288bc5e'),
(85,	15,	36,	38,	'Vasudev Prajapat',	39,	'206b2dbe-ecc9-490b-b81b-83767288bc5e'),
(86,	15,	37,	37,	'shyam@yopmail.com',	40,	'206b2dbe-ecc9-490b-b81b-83767288bc5e'),
(87,	15,	37,	36,	'5',	40,	'206b2dbe-ecc9-490b-b81b-83767288bc5e'),
(88,	15,	37,	38,	'Shyam Panchal',	40,	'206b2dbe-ecc9-490b-b81b-83767288bc5e'),
(89,	15,	38,	36,	'6',	41,	'206b2dbe-ecc9-490b-b81b-83767288bc5e'),
(90,	15,	38,	37,	'sam@gmail.com',	41,	'206b2dbe-ecc9-490b-b81b-83767288bc5e'),
(91,	15,	38,	38,	'Shyam Panchal',	41,	'206b2dbe-ecc9-490b-b81b-83767288bc5e'),
(92,	15,	35,	36,	'3',	42,	'206b2dbe-ecc9-490b-b81b-83767288bc5e'),
(93,	15,	35,	37,	'akashsharma@yopmail.com',	42,	'206b2dbe-ecc9-490b-b81b-83767288bc5e'),
(94,	15,	35,	38,	'Akash Sharma',	42,	'206b2dbe-ecc9-490b-b81b-83767288bc5e'),
(95,	15,	39,	37,	'2',	43,	'206b2dbe-ecc9-490b-b81b-83767288bc5e'),
(96,	15,	40,	37,	'1',	44,	'206b2dbe-ecc9-490b-b81b-83767288bc5e'),
(97,	9,	41,	24,	'TLC',	45,	'206b2dbe-ecc9-490b-b81b-83767288bc5e'),
(98,	9,	41,	25,	'DUBAI',	45,	'206b2dbe-ecc9-490b-b81b-83767288bc5e'),
(99,	9,	41,	24,	'TLC',	46,	'206b2dbe-ecc9-490b-b81b-83767288bc5e'),
(100,	9,	41,	25,	'DUBA',	46,	'206b2dbe-ecc9-490b-b81b-83767288bc5e'),
(101,	9,	41,	24,	'TLC',	47,	'206b2dbe-ecc9-490b-b81b-83767288bc5e'),
(102,	9,	41,	25,	'DUBAI',	47,	'206b2dbe-ecc9-490b-b81b-83767288bc5e'),
(103,	15,	42,	36,	'7',	48,	'206b2dbe-ecc9-490b-b81b-83767288bc5e'),
(104,	15,	42,	37,	'asrma2@yopmail.com',	48,	'206b2dbe-ecc9-490b-b81b-83767288bc5e'),
(105,	15,	42,	38,	'Akash',	48,	'206b2dbe-ecc9-490b-b81b-83767288bc5e'),
(106,	15,	43,	36,	'8',	49,	'206b2dbe-ecc9-490b-b81b-83767288bc5e'),
(107,	15,	43,	37,	'sanju@yopmail.com',	49,	'206b2dbe-ecc9-490b-b81b-83767288bc5e'),
(108,	15,	43,	38,	'Sanju',	49,	'206b2dbe-ecc9-490b-b81b-83767288bc5e'),
(109,	15,	44,	38,	'dipali',	50,	'206b2dbe-ecc9-490b-b81b-83767288bc5e'),
(110,	9,	45,	24,	'TCSS',	51,	'206b2dbe-ecc9-490b-b81b-83767288bc5e'),
(111,	9,	45,	25,	'Tokyo',	51,	'206b2dbe-ecc9-490b-b81b-83767288bc5e'),
(112,	15,	47,	38,	NULL,	52,	'206b2dbe-ecc9-490b-b81b-83767288bc5e'),
(113,	15,	47,	37,	NULL,	52,	'206b2dbe-ecc9-490b-b81b-83767288bc5e'),
(114,	16,	49,	39,	'1',	55,	'206b2dbe-ecc9-490b-b81b-83767288bc5e'),
(115,	16,	49,	40,	'MBA',	55,	'206b2dbe-ecc9-490b-b81b-83767288bc5e'),
(116,	16,	50,	40,	'MSC',	56,	'206b2dbe-ecc9-490b-b81b-83767288bc5e'),
(117,	16,	50,	39,	'2',	56,	'206b2dbe-ecc9-490b-b81b-83767288bc5e'),
(118,	18,	51,	43,	'Commercial',	57,	'206b2dbe-ecc9-490b-b81b-83767288bc5e'),
(119,	18,	51,	42,	'Satellite',	57,	'206b2dbe-ecc9-490b-b81b-83767288bc5e'),
(120,	18,	52,	42,	'Bopal',	58,	'206b2dbe-ecc9-490b-b81b-83767288bc5e'),
(121,	18,	52,	43,	'Residential',	58,	'206b2dbe-ecc9-490b-b81b-83767288bc5e'),
(122,	9,	53,	25,	'Delhi',	59,	'206b2dbe-ecc9-490b-b81b-83767288bc5e'),
(123,	9,	53,	24,	'TLC',	59,	'206b2dbe-ecc9-490b-b81b-83767288bc5e'),
(124,	20,	54,	46,	'Ahmedabad',	60,	'206b2dbe-ecc9-490b-b81b-83767288bc5e'),
(125,	20,	54,	47,	'Sola',	60,	'206b2dbe-ecc9-490b-b81b-83767288bc5e'),
(126,	20,	55,	46,	'Ahmedabad',	61,	'206b2dbe-ecc9-490b-b81b-83767288bc5e'),
(127,	20,	55,	47,	'Satellite',	61,	'206b2dbe-ecc9-490b-b81b-83767288bc5e'),
(128,	20,	56,	46,	'Surat',	62,	'206b2dbe-ecc9-490b-b81b-83767288bc5e'),
(129,	20,	56,	47,	'Ghatlodiya',	62,	'206b2dbe-ecc9-490b-b81b-83767288bc5e'),
(130,	20,	57,	46,	'Ahmedabad',	63,	'206b2dbe-ecc9-490b-b81b-83767288bc5e'),
(131,	20,	57,	47,	'Bodakdev',	63,	'206b2dbe-ecc9-490b-b81b-83767288bc5e'),
(132,	20,	57,	48,	'1',	63,	'206b2dbe-ecc9-490b-b81b-83767288bc5e'),
(133,	20,	58,	46,	'Surat',	64,	'206b2dbe-ecc9-490b-b81b-83767288bc5e'),
(134,	20,	58,	47,	'Sarkhej',	64,	'206b2dbe-ecc9-490b-b81b-83767288bc5e'),
(135,	20,	58,	48,	'2',	64,	'206b2dbe-ecc9-490b-b81b-83767288bc5e'),
(136,	20,	56,	46,	'Surat',	65,	'206b2dbe-ecc9-490b-b81b-83767288bc5e'),
(137,	20,	56,	47,	'Ghatlodiya',	65,	'206b2dbe-ecc9-490b-b81b-83767288bc5e'),
(138,	20,	56,	48,	NULL,	65,	'206b2dbe-ecc9-490b-b81b-83767288bc5e');

DROP TABLE IF EXISTS `master_entry_versions`;
CREATE TABLE `master_entry_versions` (
  `id` int(11) NOT NULL AUTO_INCREMENT,
  `master_entry_id` int(11) NOT NULL,
  `version` int(11) NOT NULL,
  `secret` varchar(255) NOT NULL,
  PRIMARY KEY (`id`),
  KEY `master_entry_id` (`master_entry_id`),
  CONSTRAINT `master_entry_versions_ibfk_2` FOREIGN KEY (`master_entry_id`) REFERENCES `master_entries` (`id`) ON DELETE CASCADE ON UPDATE CASCADE
) ENGINE=InnoDB DEFAULT CHARSET=latin1;

INSERT INTO `master_entry_versions` (`id`, `master_entry_id`, `version`, `secret`) VALUES
(1,	1,	1,	'206b2dbe-ecc9-490b-b81b-83767288bc5e'),
(2,	2,	1,	'206b2dbe-ecc9-490b-b81b-83767288bc5e'),
(3,	3,	1,	'206b2dbe-ecc9-490b-b81b-83767288bc5e'),
(4,	4,	1,	'206b2dbe-ecc9-490b-b81b-83767288bc5e'),
(5,	5,	1,	'206b2dbe-ecc9-490b-b81b-83767288bc5e'),
(6,	5,	2,	'206b2dbe-ecc9-490b-b81b-83767288bc5e'),
(7,	6,	1,	'206b2dbe-ecc9-490b-b81b-83767288bc5e'),
(8,	7,	1,	'206b2dbe-ecc9-490b-b81b-83767288bc5e'),
(9,	8,	1,	'206b2dbe-ecc9-490b-b81b-83767288bc5e'),
(12,	11,	1,	'206b2dbe-ecc9-490b-b81b-83767288bc5e'),
(14,	1,	2,	'206b2dbe-ecc9-490b-b81b-83767288bc5e'),
(15,	2,	2,	'206b2dbe-ecc9-490b-b81b-83767288bc5e'),
(18,	15,	1,	'206b2dbe-ecc9-490b-b81b-83767288bc5e'),
(19,	16,	1,	'206b2dbe-ecc9-490b-b81b-83767288bc5e'),
(20,	17,	1,	'206b2dbe-ecc9-490b-b81b-83767288bc5e'),
(21,	18,	1,	'206b2dbe-ecc9-490b-b81b-83767288bc5e'),
(32,	29,	1,	'206b2dbe-ecc9-490b-b81b-83767288bc5e'),
(34,	31,	1,	'206b2dbe-ecc9-490b-b81b-83767288bc5e'),
(35,	32,	1,	'206b2dbe-ecc9-490b-b81b-83767288bc5e'),
(37,	34,	1,	'206b2dbe-ecc9-490b-b81b-83767288bc5e'),
(38,	35,	1,	'206b2dbe-ecc9-490b-b81b-83767288bc5e'),
(39,	36,	1,	'206b2dbe-ecc9-490b-b81b-83767288bc5e'),
(40,	37,	1,	'206b2dbe-ecc9-490b-b81b-83767288bc5e'),
(41,	38,	1,	'206b2dbe-ecc9-490b-b81b-83767288bc5e'),
(42,	35,	2,	'206b2dbe-ecc9-490b-b81b-83767288bc5e'),
(43,	39,	1,	'206b2dbe-ecc9-490b-b81b-83767288bc5e'),
(44,	40,	1,	'206b2dbe-ecc9-490b-b81b-83767288bc5e'),
(45,	41,	1,	'206b2dbe-ecc9-490b-b81b-83767288bc5e'),
(46,	41,	2,	'206b2dbe-ecc9-490b-b81b-83767288bc5e'),
(47,	41,	3,	'206b2dbe-ecc9-490b-b81b-83767288bc5e'),
(48,	42,	1,	'206b2dbe-ecc9-490b-b81b-83767288bc5e'),
(49,	43,	1,	'206b2dbe-ecc9-490b-b81b-83767288bc5e'),
(50,	44,	1,	'206b2dbe-ecc9-490b-b81b-83767288bc5e'),
(51,	45,	1,	'206b2dbe-ecc9-490b-b81b-83767288bc5e'),
(52,	47,	1,	'206b2dbe-ecc9-490b-b81b-83767288bc5e'),
(53,	46,	1,	'206b2dbe-ecc9-490b-b81b-83767288bc5e'),
(54,	48,	1,	'206b2dbe-ecc9-490b-b81b-83767288bc5e'),
(55,	49,	1,	'206b2dbe-ecc9-490b-b81b-83767288bc5e'),
(56,	50,	1,	'206b2dbe-ecc9-490b-b81b-83767288bc5e'),
(57,	51,	1,	'206b2dbe-ecc9-490b-b81b-83767288bc5e'),
(58,	52,	1,	'206b2dbe-ecc9-490b-b81b-83767288bc5e'),
(59,	53,	1,	'206b2dbe-ecc9-490b-b81b-83767288bc5e'),
(60,	54,	1,	'206b2dbe-ecc9-490b-b81b-83767288bc5e'),
(61,	55,	1,	'206b2dbe-ecc9-490b-b81b-83767288bc5e'),
(62,	56,	1,	'206b2dbe-ecc9-490b-b81b-83767288bc5e'),
(63,	57,	1,	'206b2dbe-ecc9-490b-b81b-83767288bc5e'),
(64,	58,	1,	'206b2dbe-ecc9-490b-b81b-83767288bc5e'),
(65,	56,	2,	'206b2dbe-ecc9-490b-b81b-83767288bc5e');

DROP TABLE IF EXISTS `organizations`;
CREATE TABLE `organizations` (
  `id` int(11) NOT NULL AUTO_INCREMENT,
  `name` varchar(255) NOT NULL,
  `email` varchar(100) NOT NULL,
  `license` varchar(15) NOT NULL DEFAULT 'basic',
  `validity` datetime NOT NULL,
  `org_secret` varchar(50) NOT NULL,
  `is_active` tinyint(1) NOT NULL DEFAULT '0',
  `secret` varchar(50) NOT NULL DEFAULT '206b2dbe-ecc9-490b-b81b-83767288bc5e',
  PRIMARY KEY (`id`),
  UNIQUE KEY `org_secret` (`org_secret`)
) ENGINE=InnoDB DEFAULT CHARSET=latin1;

INSERT INTO `organizations` (`id`, `name`, `email`, `license`, `validity`, `org_secret`, `is_active`, `secret`) VALUES
(1,	'Default Organization',	'superadmin@example.com',	'super',	'0000-00-00 00:00:00',	'206b2dbe-ecc9-490b-b81b-83767288bc5e',	1,	'206b2dbe-ecc9-490b-b81b-83767288bc5e'),
(2,	'BizForms',	'bizforms@yopmail.com',	'basic',	'0000-00-00 00:00:00',	'4d9ec190-5a7d-4c48-8d68-8814c03c61fa',	1,	'206b2dbe-ecc9-490b-b81b-83767288bc5e'),
(3,	'BizForms',	'vasudevp_productivet@outlook.com',	'basic',	'0000-00-00 00:00:00',	'ae7f8727-f083-4562-83d6-0ca44536a2fb',	0,	'206b2dbe-ecc9-490b-b81b-83767288bc5e');

DROP TABLE IF EXISTS `procedures`;
CREATE TABLE `procedures` (
  `id` int(11) NOT NULL AUTO_INCREMENT,
  `title` varchar(200) NOT NULL,
  `is_active` tinyint(1) DEFAULT '1',
  `secret` varchar(255) NOT NULL,
  PRIMARY KEY (`id`)
) ENGINE=InnoDB DEFAULT CHARSET=latin1;

INSERT INTO `procedures` (`id`, `title`, `is_active`, `secret`) VALUES
(23,	'Sunflower',	1,	'206b2dbe-ecc9-490b-b81b-83767288bc5e'),
(24,	'Daffodil',	1,	'206b2dbe-ecc9-490b-b81b-83767288bc5e'),
(25,	'Rose',	1,	'206b2dbe-ecc9-490b-b81b-83767288bc5e'),
(26,	'Lily',	1,	'206b2dbe-ecc9-490b-b81b-83767288bc5e'),
(27,	'Marigold',	1,	'206b2dbe-ecc9-490b-b81b-83767288bc5e'),
(28,	'Orchid',	1,	'206b2dbe-ecc9-490b-b81b-83767288bc5e'),
(29,	'Testing Procedure',	1,	'206b2dbe-ecc9-490b-b81b-83767288bc5e');

DROP TABLE IF EXISTS `procedure_forms`;
CREATE TABLE `procedure_forms` (
  `id` int(11) NOT NULL AUTO_INCREMENT,
  `procedure_id` int(11) NOT NULL,
  `form_id` int(11) NOT NULL,
  `seq` tinyint(4) NOT NULL DEFAULT '0',
  `secret` varchar(255) NOT NULL,
  PRIMARY KEY (`id`),
  KEY `procedure_id` (`procedure_id`),
  KEY `form_id` (`form_id`),
  CONSTRAINT `procedure_forms_ibfk_3` FOREIGN KEY (`procedure_id`) REFERENCES `procedures` (`id`) ON DELETE CASCADE ON UPDATE CASCADE,
  CONSTRAINT `procedure_forms_ibfk_4` FOREIGN KEY (`form_id`) REFERENCES `forms` (`id`) ON DELETE CASCADE ON UPDATE CASCADE
) ENGINE=InnoDB DEFAULT CHARSET=latin1;

INSERT INTO `procedure_forms` (`id`, `procedure_id`, `form_id`, `seq`, `secret`) VALUES
(71,	23,	110,	1,	'206b2dbe-ecc9-490b-b81b-83767288bc5e'),
(72,	23,	79,	0,	'206b2dbe-ecc9-490b-b81b-83767288bc5e'),
(73,	24,	79,	1,	'206b2dbe-ecc9-490b-b81b-83767288bc5e'),
(74,	24,	100,	0,	'206b2dbe-ecc9-490b-b81b-83767288bc5e'),
(75,	25,	81,	1,	'206b2dbe-ecc9-490b-b81b-83767288bc5e'),
(76,	25,	106,	0,	'206b2dbe-ecc9-490b-b81b-83767288bc5e'),
(77,	26,	79,	1,	'206b2dbe-ecc9-490b-b81b-83767288bc5e'),
(78,	26,	100,	0,	'206b2dbe-ecc9-490b-b81b-83767288bc5e'),
(79,	27,	89,	1,	'206b2dbe-ecc9-490b-b81b-83767288bc5e'),
(80,	27,	100,	0,	'206b2dbe-ecc9-490b-b81b-83767288bc5e'),
(81,	27,	79,	2,	'206b2dbe-ecc9-490b-b81b-83767288bc5e'),
(82,	28,	99,	0,	'206b2dbe-ecc9-490b-b81b-83767288bc5e'),
(83,	28,	110,	1,	'206b2dbe-ecc9-490b-b81b-83767288bc5e'),
(84,	29,	112,	0,	'206b2dbe-ecc9-490b-b81b-83767288bc5e'),
(85,	29,	110,	2,	'206b2dbe-ecc9-490b-b81b-83767288bc5e'),
(86,	29,	113,	1,	'206b2dbe-ecc9-490b-b81b-83767288bc5e');

DROP TABLE IF EXISTS `question_bank_fields`;
CREATE TABLE `question_bank_fields` (
  `id` int(11) NOT NULL AUTO_INCREMENT,
  `title` varchar(200) NOT NULL,
  `field_type_id` int(11) NOT NULL,
  `is_required` tinyint(4) DEFAULT '1',
  `secret` varchar(255) NOT NULL,
  PRIMARY KEY (`id`),
  KEY `field_type_id` (`field_type_id`),
  CONSTRAINT `question_bank_fields_ibfk_5` FOREIGN KEY (`field_type_id`) REFERENCES `field_types` (`id`) ON DELETE CASCADE ON UPDATE CASCADE
) ENGINE=InnoDB DEFAULT CHARSET=latin1;

INSERT INTO `question_bank_fields` (`id`, `title`, `field_type_id`, `is_required`, `secret`) VALUES
(2,	'Last Name',	1,	1,	'206b2dbe-ecc9-490b-b81b-83767288bc5e'),
(4,	'Gender',	4,	1,	'206b2dbe-ecc9-490b-b81b-83767288bc5e'),
(5,	'Student ID',	2,	1,	'206b2dbe-ecc9-490b-b81b-83767288bc5e'),
(7,	'First Name',	1,	1,	'206b2dbe-ecc9-490b-b81b-83767288bc5e'),
(8,	'Donor Name',	4,	1,	'206b2dbe-ecc9-490b-b81b-83767288bc5e'),
(12,	'Dropdown Test',	3,	1,	'206b2dbe-ecc9-490b-b81b-83767288bc5e'),
(18,	'',	1,	1,	'206b2dbe-ecc9-490b-b81b-83767288bc5e'),
(22,	'num',	5,	1,	'206b2dbe-ecc9-490b-b81b-83767288bc5e'),
(24,	'Name',	1,	1,	'206b2dbe-ecc9-490b-b81b-83767288bc5e'),
(25,	'Doctor Name',	1,	1,	'206b2dbe-ecc9-490b-b81b-83767288bc5e'),
(26,	'Patient Name',	1,	1,	'206b2dbe-ecc9-490b-b81b-83767288bc5e'),
(27,	'Type of Specialist',	3,	1,	'206b2dbe-ecc9-490b-b81b-83767288bc5e'),
(28,	'Experience',	3,	1,	'206b2dbe-ecc9-490b-b81b-83767288bc5e'),
(29,	'Patient Age',	2,	1,	'206b2dbe-ecc9-490b-b81b-83767288bc5e'),
(30,	'Appointment Date',	6,	1,	'206b2dbe-ecc9-490b-b81b-83767288bc5e'),
(31,	'Appointment Time',	7,	1,	'206b2dbe-ecc9-490b-b81b-83767288bc5e'),
(32,	'Reason for Appointment',	9,	1,	'206b2dbe-ecc9-490b-b81b-83767288bc5e'),
(33,	'Select Doctor Specialist',	3,	1,	'206b2dbe-ecc9-490b-b81b-83767288bc5e'),
(34,	'Drop',	3,	1,	'206b2dbe-ecc9-490b-b81b-83767288bc5e'),
(35,	'Drop',	3,	1,	'206b2dbe-ecc9-490b-b81b-83767288bc5e'),
(36,	'Donor Name',	1,	1,	'206b2dbe-ecc9-490b-b81b-83767288bc5e');

DROP TABLE IF EXISTS `question_bank_field_datasource`;
CREATE TABLE `question_bank_field_datasource` (
  `id` int(11) NOT NULL AUTO_INCREMENT,
  `question_bank_field_id` int(11) NOT NULL,
  `title` varchar(200) NOT NULL,
  `secret` varchar(255) NOT NULL,
  PRIMARY KEY (`id`),
  KEY `question_bank_field_id` (`question_bank_field_id`),
  CONSTRAINT `question_bank_field_datasource_ibfk_2` FOREIGN KEY (`question_bank_field_id`) REFERENCES `question_bank_fields` (`id`) ON DELETE CASCADE ON UPDATE CASCADE
) ENGINE=InnoDB DEFAULT CHARSET=latin1;

INSERT INTO `question_bank_field_datasource` (`id`, `question_bank_field_id`, `title`, `secret`) VALUES
(3,	4,	'Male',	'206b2dbe-ecc9-490b-b81b-83767288bc5e'),
(4,	4,	'Female',	'206b2dbe-ecc9-490b-b81b-83767288bc5e'),
(32,	8,	'1',	'206b2dbe-ecc9-490b-b81b-83767288bc5e'),
(33,	8,	'2',	'206b2dbe-ecc9-490b-b81b-83767288bc5e'),
(34,	8,	'3',	'206b2dbe-ecc9-490b-b81b-83767288bc5e'),
(39,	27,	'Cardiologist',	'206b2dbe-ecc9-490b-b81b-83767288bc5e'),
(40,	27,	'Physician',	'206b2dbe-ecc9-490b-b81b-83767288bc5e'),
(41,	27,	'Homeopathic skin specialist',	'206b2dbe-ecc9-490b-b81b-83767288bc5e'),
(42,	27,	'Surgeon Specialist',	'206b2dbe-ecc9-490b-b81b-83767288bc5e'),
(43,	27,	'Physiologist',	'206b2dbe-ecc9-490b-b81b-83767288bc5e'),
(44,	27,	'ENT Specialist',	'206b2dbe-ecc9-490b-b81b-83767288bc5e'),
(45,	28,	'0-5 Years',	'206b2dbe-ecc9-490b-b81b-83767288bc5e'),
(46,	28,	'5-10 Years',	'206b2dbe-ecc9-490b-b81b-83767288bc5e'),
(47,	28,	'More than 10 Years',	'206b2dbe-ecc9-490b-b81b-83767288bc5e'),
(48,	12,	'1',	'206b2dbe-ecc9-490b-b81b-83767288bc5e'),
(49,	12,	'3',	'206b2dbe-ecc9-490b-b81b-83767288bc5e'),
(50,	12,	'2',	'206b2dbe-ecc9-490b-b81b-83767288bc5e'),
(51,	33,	'Vasudev Prajapat (Physician)',	'206b2dbe-ecc9-490b-b81b-83767288bc5e'),
(52,	33,	'Honney Mistry (Cardiologist)',	'206b2dbe-ecc9-490b-b81b-83767288bc5e'),
(53,	33,	'Jahanvi Patel (Homeopathic skin specialist)',	'206b2dbe-ecc9-490b-b81b-83767288bc5e'),
(54,	33,	'Dipali Shah (Surgeon Specialist)',	'206b2dbe-ecc9-490b-b81b-83767288bc5e'),
(55,	33,	'Yash Shah (Physiologist)',	'206b2dbe-ecc9-490b-b81b-83767288bc5e'),
(56,	33,	'Akash Sharma (ENT Specialist)',	'206b2dbe-ecc9-490b-b81b-83767288bc5e'),
(59,	22,	'1',	'206b2dbe-ecc9-490b-b81b-83767288bc5e'),
(60,	22,	'2',	'206b2dbe-ecc9-490b-b81b-83767288bc5e'),
(61,	22,	'3',	'206b2dbe-ecc9-490b-b81b-83767288bc5e'),
(62,	34,	'1',	'206b2dbe-ecc9-490b-b81b-83767288bc5e'),
(63,	34,	'2',	'206b2dbe-ecc9-490b-b81b-83767288bc5e'),
(64,	34,	'3',	'206b2dbe-ecc9-490b-b81b-83767288bc5e'),
(65,	34,	'4',	'206b2dbe-ecc9-490b-b81b-83767288bc5e'),
(66,	35,	'1',	'206b2dbe-ecc9-490b-b81b-83767288bc5e'),
(67,	35,	'2',	'206b2dbe-ecc9-490b-b81b-83767288bc5e');

DROP TABLE IF EXISTS `report_data`;
CREATE TABLE `report_data` (
  `id` int(11) NOT NULL AUTO_INCREMENT,
  `name` varchar(255) NOT NULL,
  `data_source` int(11) NOT NULL,
  `chart_type` varchar(50) NOT NULL,
  `scale_x` varchar(255) NOT NULL,
  `scale_y` varchar(255) NOT NULL,
  `aggregations` varchar(255) NOT NULL,
  `charts_id` int(11) NOT NULL,
  `secret` varchar(255) NOT NULL,
  PRIMARY KEY (`id`),
  KEY `data_source` (`data_source`),
  KEY `charts_id` (`charts_id`),
  CONSTRAINT `report_data_ibfk_1` FOREIGN KEY (`data_source`) REFERENCES `forms` (`id`) ON DELETE CASCADE ON UPDATE CASCADE,
  CONSTRAINT `report_data_ibfk_2` FOREIGN KEY (`charts_id`) REFERENCES `display_charts` (`id`) ON DELETE CASCADE ON UPDATE CASCADE
) ENGINE=InnoDB DEFAULT CHARSET=latin1;

INSERT INTO `report_data` (`id`, `name`, `data_source`, `chart_type`, `scale_x`, `scale_y`, `aggregations`, `charts_id`, `secret`) VALUES
(2,	'cxnj',	89,	'bar',	'Month',	'Expense',	'no_aggr',	18,	'206b2dbe-ecc9-490b-b81b-83767288bc5e'),
(8,	'Temp',	89,	'bar',	'Month',	'Expense',	'no_aggr',	24,	'206b2dbe-ecc9-490b-b81b-83767288bc5e'),
(13,	'report3',	89,	'line',	'Month',	'Expense',	'no_aggr',	28,	'206b2dbe-ecc9-490b-b81b-83767288bc5e'),
(14,	'Report',	106,	'pie',	'Product',	'Price',	'no_aggr',	28,	'206b2dbe-ecc9-490b-b81b-83767288bc5e'),
(15,	'Report2',	106,	'bar',	'Product',	'Price',	'no_aggr',	28,	'206b2dbe-ecc9-490b-b81b-83767288bc5e'),
(20,	'Student Result Report',	88,	'pie',	'Full Name',	'Maths Percentage',	'no_aggr',	31,	'206b2dbe-ecc9-490b-b81b-83767288bc5e'),
(21,	'Bar Chart',	88,	'bar',	'Full Name',	'Maths Percentage',	'no_aggr',	31,	'206b2dbe-ecc9-490b-b81b-83767288bc5e'),
(22,	'Chart',	88,	'line',	'Full Name',	'Maths Percentage',	'sum',	31,	'206b2dbe-ecc9-490b-b81b-83767288bc5e'),
(23,	'Line Chart',	88,	'line',	'Full Name',	'Maths Percentage',	'sum',	31,	'206b2dbe-ecc9-490b-b81b-83767288bc5e'),
(24,	'hgf',	88,	'pie',	'Full Name',	'Maths Percentage',	'no_aggr',	32,	'206b2dbe-ecc9-490b-b81b-83767288bc5e'),
(25,	'hg',	110,	'bar',	'Temp',	'',	'',	32,	'206b2dbe-ecc9-490b-b81b-83767288bc5e'),
(26,	'Line Chart',	89,	'line',	'Month',	'Expense',	'avg',	33,	'206b2dbe-ecc9-490b-b81b-83767288bc5e'),
(27,	'Report',	89,	'pie',	'Month',	'Expense',	'avg',	33,	'206b2dbe-ecc9-490b-b81b-83767288bc5e');

DROP TABLE IF EXISTS `roles`;
CREATE TABLE `roles` (
  `id` int(11) NOT NULL AUTO_INCREMENT,
  `title` varchar(20) NOT NULL,
  `secret` varchar(255) NOT NULL,
  PRIMARY KEY (`id`)
) ENGINE=InnoDB DEFAULT CHARSET=latin1;

INSERT INTO `roles` (`id`, `title`, `secret`) VALUES
(1,	'superadmin',	'206b2dbe-ecc9-490b-b81b-83767288bc5e'),
(2,	'Admin',	'206b2dbe-ecc9-490b-b81b-83767288bc5e'),
(3,	'Editor',	'206b2dbe-ecc9-490b-b81b-83767288bc5e'),
(4,	'Creator',	'206b2dbe-ecc9-490b-b81b-83767288bc5e'),
(5,	'Viewer',	'206b2dbe-ecc9-490b-b81b-83767288bc5e');

DROP TABLE IF EXISTS `states`;
CREATE TABLE `states` (
  `id` int(11) NOT NULL AUTO_INCREMENT,
  `title` varchar(50) NOT NULL,
  `country_id` int(11) NOT NULL,
  `secret` varchar(255) NOT NULL,
  PRIMARY KEY (`id`),
  KEY `country_id` (`country_id`),
  CONSTRAINT `states_ibfk_2` FOREIGN KEY (`country_id`) REFERENCES `countries` (`id`) ON DELETE CASCADE ON UPDATE CASCADE
) ENGINE=InnoDB DEFAULT CHARSET=latin1;


DROP TABLE IF EXISTS `temp`;
CREATE TABLE `temp` (
  `id` int(11) NOT NULL AUTO_INCREMENT,
  `title` varchar(200) NOT NULL,
  `secret` varchar(255) NOT NULL,
  PRIMARY KEY (`id`)
) ENGINE=InnoDB DEFAULT CHARSET=latin1;


DROP TABLE IF EXISTS `users`;
CREATE TABLE `users` (
  `id` int(11) NOT NULL AUTO_INCREMENT,
  `first_name` varchar(50) NOT NULL,
  `last_name` varchar(50) NOT NULL,
  `email` varchar(100) NOT NULL,
  `username` varchar(50) NOT NULL,
  `password` varchar(100) NOT NULL,
  `token` varchar(50) NOT NULL DEFAULT '00000000-00000-0000-0000-000000000000',
  `lease` datetime NOT NULL DEFAULT '0000-00-00 00:00:00',
  `photo` varchar(200) DEFAULT NULL,
  `phone` varchar(20) DEFAULT NULL,
  `addr1` varchar(50) DEFAULT NULL,
  `addr2` varchar(50) DEFAULT NULL,
  `zip` varchar(10) DEFAULT NULL,
  `city_id` int(11) DEFAULT NULL,
  `role` varchar(50) DEFAULT 'user',
  `is_active` tinyint(1) NOT NULL DEFAULT '1',
  `secret` varchar(50) NOT NULL DEFAULT '206b2dbe-ecc9-490b-b81b-83767288bc5e',
  PRIMARY KEY (`id`),
  UNIQUE KEY `email` (`email`)
) ENGINE=InnoDB DEFAULT CHARSET=latin1;

INSERT INTO `users` (`id`, `first_name`, `last_name`, `email`, `username`, `password`, `token`, `lease`, `photo`, `phone`, `addr1`, `addr2`, `zip`, `city_id`, `role`, `is_active`, `secret`) VALUES
(1,	'Super',	'Admin',	'superadmin@example.com',	'superadmin',	'17c4520f6cfd1ab53d8745e84681eb49',	'5687daa6-7f38-46f8-9b96-190847f0e9b5',	'2019-03-25 10:49:39',	NULL,	NULL,	NULL,	NULL,	NULL,	NULL,	'superadmin',	1,	'206b2dbe-ecc9-490b-b81b-83767288bc5e'),
(2,	'Admin',	'Admin',	'admin@example.com',	'admin',	'21232f297a57a5a743894a0e4a801fc3',	'05a88d83-01fd-4900-a578-6fba4d74bca5',	'2019-05-22 09:45:45',	NULL,	NULL,	NULL,	NULL,	NULL,	NULL,	'admin',	1,	'206b2dbe-ecc9-490b-b81b-83767288bc5e'),
(3,	'User',	'User',	'user@example.com',	'user',	'ee11cbb19052e40b07aac0ca060c23ee',	'1',	'0000-00-00 00:00:00',	NULL,	NULL,	NULL,	NULL,	NULL,	NULL,	'user',	1,	'206b2dbe-ecc9-490b-b81b-83767288bc5e'),
(5,	'Dipali',	'Shah',	'dipali@yopmail.com',	'dipali',	'21232f297a57a5a743894a0e4a801fc3',	'a4d5df60-83e2-4bbc-a8fa-91fdff6ca891',	'2019-04-18 07:16:11',	NULL,	NULL,	NULL,	NULL,	NULL,	NULL,	'admin',	1,	'206b2dbe-ecc9-490b-b81b-83767288bc5e'),
(14,	'Akash',	'Sharma',	'akash001@yopmail.com',	'',	'25f9e794323b453885f5181f1b624d0b',	'00000000-00000-0000-0000-000000000000',	'0000-00-00 00:00:00',	NULL,	NULL,	NULL,	NULL,	NULL,	NULL,	'editor',	1,	'206b2dbe-ecc9-490b-b81b-83767288bc5e'),
(26,	'Editor',	'Editor',	'editor@yopmail.com',	'',	'9888593f48ba9b1a34b7465709975c8a',	'455e4c3c-f48f-49cb-879b-c77c806cb355',	'2019-05-03 06:44:28',	NULL,	NULL,	NULL,	NULL,	NULL,	NULL,	'editor',	1,	'206b2dbe-ecc9-490b-b81b-83767288bc5e'),
(27,	'Creator',	'Creator',	'creator@yopmail.com',	'',	'a19b550aa5daec79d71fea700bc2bb44',	'87a87b9d-f06f-406d-80fd-0fc4a3d297d5',	'2019-05-03 06:44:54',	NULL,	NULL,	NULL,	NULL,	NULL,	NULL,	'creator',	1,	'206b2dbe-ecc9-490b-b81b-83767288bc5e'),
(28,	'Viewer',	'Viewer',	'viewer@yopmail.com',	'',	'f36b5f94f265115389d8f1bbee40b9b8',	'47aa6297-03cb-4442-bcd0-0ec18066fc0c',	'2019-05-09 13:51:15',	NULL,	NULL,	NULL,	NULL,	NULL,	NULL,	'viewer',	1,	'206b2dbe-ecc9-490b-b81b-83767288bc5e'),
(29,	'Gaurav',	'Patel',	'gaurav@yopmail.com',	'',	'910be72d22e04e452347184adfc658cd',	'00000000-00000-0000-0000-000000000000',	'0000-00-00 00:00:00',	NULL,	NULL,	NULL,	NULL,	NULL,	NULL,	'admin',	1,	'206b2dbe-ecc9-490b-b81b-83767288bc5e');

DROP TABLE IF EXISTS `user_groups`;
CREATE TABLE `user_groups` (
  `id` int(11) NOT NULL AUTO_INCREMENT,
  `title` varchar(200) NOT NULL,
  `userId` varchar(20) DEFAULT NULL,
  `status` tinyint(1) NOT NULL DEFAULT '1',
  `secret` varchar(255) NOT NULL,
  PRIMARY KEY (`id`)
) ENGINE=InnoDB DEFAULT CHARSET=latin1;

INSERT INTO `user_groups` (`id`, `title`, `userId`, `status`, `secret`) VALUES
(2,	'BA',	'3',	1,	'206b2dbe-ecc9-490b-b81b-83767288bc5e'),
(3,	'Temp',	'11,10,14',	1,	'206b2dbe-ecc9-490b-b81b-83767288bc5e'),
(5,	'KS',	'2,26,27,28',	1,	'206b2dbe-ecc9-490b-b81b-83767288bc5e'),
(6,	'ProTians',	'5,6,4',	1,	'206b2dbe-ecc9-490b-b81b-83767288bc5e'),
(7,	'BizForm Team',	'9,5',	1,	'206b2dbe-ecc9-490b-b81b-83767288bc5e'),
(9,	'sss',	'',	0,	'206b2dbe-ecc9-490b-b81b-83767288bc5e'),
(10,	'Doctor Team',	'5',	1,	'206b2dbe-ecc9-490b-b81b-83767288bc5e'),
(11,	'',	'',	1,	'206b2dbe-ecc9-490b-b81b-83767288bc5e'),
(12,	'User Group Training',	'2,5,26',	1,	'206b2dbe-ecc9-490b-b81b-83767288bc5e');

-- 2019-07-17 16:43:37